name,fir_size,buffer_size,mac,result,max_error_e6,count,min_cycles,max_cycles,avg_cycles,min_nsec,max_nsec,avg_nsec,min_mac_per_cycle,max_mac_per_cycle,avg_mac_per_cycle,min_mac_per_nanosec,max_mac_per_nanosec,avg_mac_per_nanosec
100 NOP,0,0,0,OK,0.000000e-6,1000,92,103,92,92,103,92,0.000000,0.000000,0.000000,0.000000,0.000000,0.000000
1000 NOP,0,0,0,OK,0.000000e-6,1000,992,1003,992,992,1003,992,0.000000,0.000000,0.000000,0.000000,0.000000,0.000000
FIR.basic_known_size,256,32,8192,OK,1.549721e-6,256,10994,11042,10994,10994,11042,10994,0.741895,0.745134,0.745134,0.741895,0.745134,0.745134
FIR.circular_known_size,256,32,8192,OK,1.549721e-6,256,9016,9052,9016,9016,9052,9016,0.904993,0.908607,0.908607,0.904993,0.908607,0.908607
FIR.basic,16,8,128,OK,0.834465e-6,1024,590,639,590,590,639,590,0.200313,0.216949,0.216949,0.200313,0.216949,0.216949
FIR.basic_restrict,16,8,128,OK,0.834465e-6,1024,590,629,590,590,629,590,0.203498,0.216949,0.216949,0.203498,0.216949,0.216949
FIR.basic_dual_bank,16,8,128,OK,0.834465e-6,1024,590,634,590,590,634,590,0.201893,0.216949,0.216949,0.201893,0.216949,0.216949
FIR.basic_aligned,16,8,128,OK,0.834465e-6,1024,590,634,590,590,634,590,0.201893,0.216949,0.216949,0.201893,0.216949,0.216949
FIR.basic_loop_cnt,16,8,128,OK,0.834465e-6,1024,523,554,523,523,554,523,0.231047,0.244742,0.244742,0.231047,0.244742,0.244742
FIR.circular,16,8,128,OK,0.715256e-6,1024,1589,1601,1589,1589,1601,1589,0.079950,0.080554,0.080554,0.079950,0.080554,0.080554
FIR.circular_opt,16,8,128,OK,0.715256e-6,1024,318,352,318,318,352,318,0.363636,0.402516,0.402516,0.363636,0.402516,0.402516
FIR.lib,16,8,128,OK,0.715256e-6,1024,231,264,231,231,264,231,0.484849,0.554113,0.554113,0.484849,0.554113,0.554113
FIR.basic,16,16,256,OK,0.834465e-6,512,998,1042,998,998,1042,998,0.245681,0.256513,0.256513,0.245681,0.256513,0.256513
FIR.basic_restrict,16,16,256,OK,0.834465e-6,512,998,1024,998,998,1024,998,0.250000,0.256513,0.256513,0.250000,0.256513,0.256513
FIR.basic_dual_bank,16,16,256,OK,0.834465e-6,512,998,1026,998,998,1026,998,0.249513,0.256513,0.256513,0.249513,0.256513,0.256513
FIR.basic_aligned,16,16,256,OK,0.834465e-6,512,998,1019,998,998,1019,998,0.251227,0.256513,0.256513,0.251227,0.256513,0.256513
FIR.basic_loop_cnt,16,16,256,OK,0.834465e-6,512,883,914,883,883,914,883,0.280088,0.289921,0.289921,0.280088,0.289921,0.289921
FIR.circular,16,16,256,OK,0.715256e-6,512,3173,3173,3173,3173,3173,3173,0.080681,0.080681,0.080681,0.080681,0.080681,0.080681
FIR.circular_opt,16,16,256,OK,0.715256e-6,512,622,640,622,622,640,622,0.400000,0.411576,0.411576,0.400000,0.411576,0.411576
FIR.lib,16,16,256,OK,0.715256e-6,512,367,400,367,367,400,367,0.640000,0.697548,0.697548,0.640000,0.697548,0.697548
FIR.basic,16,32,512,OK,0.834465e-6,256,1814,1858,1814,1814,1858,1814,0.275565,0.282249,0.282249,0.275565,0.282249,0.282249
FIR.basic_restrict,16,32,512,OK,0.834465e-6,256,1814,1840,1814,1814,1840,1814,0.278261,0.282249,0.282249,0.278261,0.282249,0.282249
FIR.basic_dual_bank,16,32,512,OK,0.834465e-6,256,1814,1842,1814,1814,1842,1814,0.277959,0.282249,0.282249,0.277959,0.282249,0.282249
FIR.basic_aligned,16,32,512,OK,0.834465e-6,256,1814,1835,1814,1814,1835,1814,0.279019,0.282249,0.282249,0.279019,0.282249,0.282249
FIR.basic_loop_cnt,16,32,512,OK,0.834465e-6,256,1603,1634,1603,1603,1634,1603,0.313342,0.319401,0.319401,0.313342,0.319401,0.319401
FIR.circular,16,32,512,OK,0.715256e-6,256,6341,6341,6341,6341,6341,6341,0.080744,0.080744,0.080744,0.080744,0.080744,0.080744
FIR.circular_opt,16,32,512,OK,0.715256e-6,256,1230,1248,1230,1230,1248,1230,0.410256,0.416260,0.416260,0.410256,0.416260,0.416260
FIR.lib,16,32,512,OK,0.715256e-6,256,639,672,639,639,672,639,0.761905,0.801252,0.801252,0.761905,0.801252,0.801252
FIR.basic,16,64,1024,OK,0.834465e-6,128,3446,3490,3446,3446,3490,3446,0.293410,0.297156,0.297156,0.293410,0.297156,0.297156
FIR.basic_restrict,16,64,1024,OK,0.834465e-6,128,3446,3472,3446,3446,3472,3446,0.294931,0.297156,0.297156,0.294931,0.297156,0.297156
FIR.basic_dual_bank,16,64,1024,OK,0.834465e-6,128,3446,3474,3446,3446,3474,3446,0.294761,0.297156,0.297156,0.294761,0.297156,0.297156
FIR.basic_aligned,16,64,1024,OK,0.834465e-6,128,3446,3467,3446,3446,3467,3446,0.295356,0.297156,0.297156,0.295356,0.297156,0.297156
FIR.basic_loop_cnt,16,64,1024,OK,0.834465e-6,128,3043,3074,3043,3043,3074,3043,0.333116,0.336510,0.336510,0.333116,0.336510,0.336510
FIR.circular,16,64,1024,OK,0.715256e-6,128,12677,12677,12677,12677,12677,12677,0.080776,0.080776,0.080776,0.080776,0.080776,0.080776
FIR.circular_opt,16,64,1024,OK,0.715256e-6,128,2446,2464,2446,2446,2464,2446,0.415584,0.418643,0.418643,0.415584,0.418643,0.418643
FIR.lib,16,64,1024,OK,0.715256e-6,128,1183,1216,1183,1183,1216,1183,0.842105,0.865596,0.865596,0.842105,0.865596,0.865596
FIR.basic,16,128,2048,OK,0.834465e-6,64,6710,6754,6710,6710,6754,6710,0.303228,0.305216,0.305216,0.303228,0.305216,0.305216
FIR.basic_restrict,16,128,2048,OK,0.834465e-6,64,6710,6736,6710,6710,6736,6710,0.304038,0.305216,0.305216,0.304038,0.305216,0.305216
FIR.basic_dual_bank,16,128,2048,OK,0.834465e-6,64,6710,6738,6710,6710,6738,6710,0.303948,0.305216,0.305216,0.303948,0.305216,0.305216
FIR.basic_aligned,16,128,2048,OK,0.834465e-6,64,6710,6731,6710,6710,6731,6710,0.304264,0.305216,0.305216,0.304264,0.305216,0.305216
FIR.basic_loop_cnt,16,128,2048,OK,0.834465e-6,64,5923,5954,5923,5923,5954,5923,0.343970,0.345771,0.345771,0.343970,0.345771,0.345771
FIR.circular,16,128,2048,OK,0.715256e-6,64,25349,25349,25349,25349,25349,25349,0.080792,0.080792,0.080792,0.080792,0.080792,0.080792
FIR.circular_opt,16,128,2048,OK,0.715256e-6,64,4878,4896,4878,4878,4896,4878,0.418301,0.419844,0.419844,0.418301,0.419844,0.419844
FIR.lib,16,128,2048,OK,0.715256e-6,64,2271,2304,2271,2271,2304,2271,0.888889,0.901805,0.901805,0.888889,0.901805,0.901805
FIR.basic,32,8,256,OK,1.072884e-6,1024,846,890,846,846,890,846,0.287640,0.302600,0.302600,0.287640,0.302600,0.302600
FIR.basic_restrict,32,8,256,OK,1.072884e-6,1024,846,872,846,846,872,846,0.293578,0.302600,0.302600,0.293578,0.302600,0.302600
FIR.basic_dual_bank,32,8,256,OK,1.072884e-6,1024,846,874,846,846,874,846,0.292906,0.302600,0.302600,0.292906,0.302600,0.302600
FIR.basic_aligned,32,8,256,OK,1.072884e-6,1024,846,867,846,846,867,846,0.295271,0.302600,0.302600,0.295271,0.302600,0.302600
FIR.basic_loop_cnt,32,8,256,OK,1.072884e-6,1024,779,810,779,779,810,779,0.316049,0.328626,0.328626,0.316049,0.328626,0.328626
FIR.circular,32,8,256,OK,0.715256e-6,1024,3125,3125,3125,3125,3125,3125,0.081920,0.081920,0.081920,0.081920,0.081920,0.081920
FIR.circular_opt,32,8,256,OK,1.072884e-6,1024,446,464,446,446,464,446,0.551724,0.573991,0.573991,0.551724,0.573991,0.573991
FIR.lib,32,8,256,OK,1.072884e-6,1024,257,290,257,257,290,257,0.882759,0.996109,0.996109,0.882759,0.996109,0.996109
FIR.basic,32,16,512,OK,1.072884e-6,512,1382,1426,1382,1382,1426,1382,0.359046,0.370478,0.370478,0.359046,0.370478,0.370478
FIR.basic_restrict,32,16,512,OK,1.072884e-6,512,1382,1408,1382,1382,1408,1382,0.363636,0.370478,0.370478,0.363636,0.370478,0.370478
FIR.basic_dual_bank,32,16,512,OK,1.072884e-6,512,1382,1410,1382,1382,1410,1382,0.363121,0.370478,0.370478,0.363121,0.370478,0.370478
FIR.basic_aligned,32,16,512,OK,1.072884e-6,512,1382,1403,1382,1382,1403,1382,0.364932,0.370478,0.370478,0.364932,0.370478,0.370478
FIR.basic_loop_cnt,32,16,512,OK,1.072884e-6,512,1267,1298,1267,1267,1298,1267,0.394453,0.404104,0.404104,0.394453,0.404104,0.404104
FIR.circular,32,16,512,OK,0.715256e-6,512,6245,6245,6245,6245,6245,6245,0.081986,0.081986,0.081986,0.081986,0.081986,0.081986
FIR.circular_opt,32,16,512,OK,1.072884e-6,512,878,896,878,878,896,878,0.571429,0.583144,0.583144,0.571429,0.583144,0.583144
FIR.lib,32,16,512,OK,1.072884e-6,512,413,446,413,413,446,413,1.147982,1.239710,1.239710,1.147982,1.239710,1.239710
FIR.basic,32,32,1024,OK,1.072884e-6,256,2454,2498,2454,2454,2498,2454,0.409928,0.417278,0.417278,0.409928,0.417278,0.417278
FIR.basic_restrict,32,32,1024,OK,1.072884e-6,256,2454,2480,2454,2454,2480,2454,0.412903,0.417278,0.417278,0.412903,0.417278,0.417278
FIR.basic_dual_bank,32,32,1024,OK,1.072884e-6,256,2454,2482,2454,2454,2482,2454,0.412571,0.417278,0.417278,0.412571,0.417278,0.417278
FIR.basic_aligned,32,32,1024,OK,1.072884e-6,256,2454,2475,2454,2454,2475,2454,0.413737,0.417278,0.417278,0.413737,0.417278,0.417278
FIR.basic_loop_cnt,32,32,1024,OK,1.072884e-6,256,2243,2274,2243,2243,2274,2243,0.450308,0.456531,0.456531,0.450308,0.456531,0.456531
FIR.circular,32,32,1024,OK,0.715256e-6,256,12485,12485,12485,12485,12485,12485,0.082018,0.082018,0.082018,0.082018,0.082018,0.082018
FIR.circular_opt,32,32,1024,OK,1.072884e-6,256,1742,1760,1742,1742,1760,1742,0.581818,0.587830,0.587830,0.581818,0.587830,0.587830
FIR.lib,32,32,1024,OK,1.072884e-6,256,725,758,725,725,758,725,1.350924,1.412414,1.412414,1.350924,1.412414,1.412414
FIR.basic,32,64,2048,OK,1.072884e-6,128,4598,4642,4598,4598,4642,4598,0.441189,0.445411,0.445411,0.441189,0.445411,0.445411
FIR.basic_restrict,32,64,2048,OK,1.072884e-6,128,4598,4624,4598,4598,4624,4598,0.442907,0.445411,0.445411,0.442907,0.445411,0.445411
FIR.basic_dual_bank,32,64,2048,OK,1.072884e-6,128,4598,4626,4598,4598,4626,4598,0.442715,0.445411,0.445411,0.442715,0.445411,0.445411
FIR.basic_aligned,32,64,2048,OK,1.072884e-6,128,4598,4619,4598,4598,4619,4598,0.443386,0.445411,0.445411,0.443386,0.445411,0.445411
FIR.basic_loop_cnt,32,64,2048,OK,1.072884e-6,128,4195,4226,4195,4195,4226,4195,0.484619,0.488200,0.488200,0.484619,0.488200,0.488200
FIR.circular,32,64,2048,OK,0.715256e-6,128,24965,24965,24965,24965,24965,24965,0.082035,0.082035,0.082035,0.082035,0.082035,0.082035
FIR.circular_opt,32,64,2048,OK,1.072884e-6,128,3470,3488,3470,3470,3488,3470,0.587156,0.590202,0.590202,0.587156,0.590202,0.590202
FIR.lib,32,64,2048,OK,1.072884e-6,128,1349,1382,1349,1349,1382,1349,1.481910,1.518162,1.518162,1.481910,1.518162,1.518162
FIR.basic,32,128,4096,OK,1.072884e-6,64,8886,8930,8886,8886,8930,8886,0.458679,0.460950,0.460950,0.458679,0.460950,0.460950
FIR.basic_restrict,32,128,4096,OK,1.072884e-6,64,8886,8912,8886,8886,8912,8886,0.459605,0.460950,0.460950,0.459605,0.460950,0.460950
FIR.basic_dual_bank,32,128,4096,OK,1.072884e-6,64,8886,8914,8886,8886,8914,8886,0.459502,0.460950,0.460950,0.459502,0.460950,0.460950
FIR.basic_aligned,32,128,4096,OK,1.072884e-6,64,8886,8907,8886,8886,8907,8886,0.459863,0.460950,0.460950,0.459863,0.460950,0.460950
FIR.basic_loop_cnt,32,128,4096,OK,1.072884e-6,64,8099,8130,8099,8099,8130,8099,0.503813,0.505741,0.505741,0.503813,0.505741,0.505741
FIR.circular,32,128,4096,OK,0.715256e-6,64,49925,49925,49925,49925,49925,49925,0.082043,0.082043,0.082043,0.082043,0.082043,0.082043
FIR.circular_opt,32,128,4096,OK,1.072884e-6,64,6926,6944,6926,6926,6944,6926,0.589862,0.591395,0.591395,0.589862,0.591395,0.591395
FIR.lib,32,128,4096,OK,1.072884e-6,64,2597,2630,2597,2597,2630,2597,1.557414,1.577205,1.577205,1.557414,1.577205,1.577205
FIR.basic,64,8,512,OK,1.072884e-6,1024,1358,1402,1358,1358,1402,1358,0.365193,0.377025,0.377025,0.365193,0.377025,0.377025
FIR.basic_restrict,64,8,512,OK,1.072884e-6,1024,1358,1384,1358,1358,1384,1358,0.369942,0.377025,0.377025,0.369942,0.377025,0.377025
FIR.basic_dual_bank,64,8,512,OK,1.072884e-6,1024,1358,1386,1358,1358,1386,1358,0.369408,0.377025,0.377025,0.369408,0.377025,0.377025
FIR.basic_aligned,64,8,512,OK,1.072884e-6,1024,1358,1379,1358,1358,1379,1358,0.371284,0.377025,0.377025,0.371284,0.377025,0.377025
FIR.basic_loop_cnt,64,8,512,OK,1.072884e-6,1024,1291,1322,1291,1291,1322,1291,0.387292,0.396592,0.396592,0.387292,0.396592,0.396592
FIR.circular,64,8,512,OK,0.834465e-6,1024,6197,6197,6197,6197,6197,6197,0.082621,0.082621,0.082621,0.082621,0.082621,0.082621
FIR.circular_opt,64,8,512,OK,1.072884e-6,1024,702,720,702,702,720,702,0.711111,0.729345,0.729345,0.711111,0.729345,0.729345
FIR.lib,64,8,512,OK,1.072884e-6,1024,385,418,385,385,418,385,1.224880,1.329870,1.329870,1.224880,1.329870,1.329870
FIR.basic,64,16,1024,OK,1.072884e-6,512,2150,2194,2150,2150,2194,2150,0.466727,0.476279,0.476279,0.466727,0.476279,0.476279
FIR.basic_restrict,64,16,1024,OK,1.072884e-6,512,2150,2176,2150,2150,2176,2150,0.470588,0.476279,0.476279,0.470588,0.476279,0.476279
FIR.basic_dual_bank,64,16,1024,OK,1.072884e-6,512,2150,2178,2150,2150,2178,2150,0.470156,0.476279,0.476279,0.470156,0.476279,0.476279
FIR.basic_aligned,64,16,1024,OK,1.072884e-6,512,2150,2171,2150,2150,2171,2150,0.471672,0.476279,0.476279,0.471672,0.476279,0.476279
FIR.basic_loop_cnt,64,16,1024,OK,1.072884e-6,512,2035,2066,2035,2035,2066,2035,0.495644,0.503194,0.503194,0.495644,0.503194,0.503194
FIR.circular,64,16,1024,OK,0.834465e-6,512,12389,12389,12389,12389,12389,12389,0.082654,0.082654,0.082654,0.082654,0.082654,0.082654
FIR.circular_opt,64,16,1024,OK,1.072884e-6,512,1390,1408,1390,1390,1408,1390,0.727273,0.736691,0.736691,0.727273,0.736691,0.736691
FIR.lib,64,16,1024,OK,1.072884e-6,512,669,702,669,669,702,669,1.458690,1.530643,1.530643,1.458690,1.530643,1.530643
FIR.basic,64,32,2048,OK,1.072884e-6,256,3734,3778,3734,3734,3778,3734,0.542086,0.548474,0.548474,0.542086,0.548474,0.548474
FIR.basic_restrict,64,32,2048,OK,1.072884e-6,256,3734,3760,3734,3734,3760,3734,0.544681,0.548474,0.548474,0.544681,0.548474,0.548474
FIR.basic_dual_bank,64,32,2048,OK,1.072884e-6,256,3734,3762,3734,3734,3762,3734,0.544391,0.548474,0.548474,0.544391,0.548474,0.548474
FIR.basic_aligned,64,32,2048,OK,1.072884e-6,256,3734,3755,3734,3734,3755,3734,0.545406,0.548474,0.548474,0.545406,0.548474,0.548474
FIR.basic_loop_cnt,64,32,2048,OK,1.072884e-6,256,3523,3554,3523,3523,3554,3523,0.576252,0.581323,0.581323,0.576252,0.581323,0.581323
FIR.circular,64,32,2048,OK,0.834465e-6,256,24773,24773,24773,24773,24773,24773,0.082671,0.082671,0.082671,0.082671,0.082671,0.082671
FIR.circular_opt,64,32,2048,OK,1.072884e-6,256,2766,2784,2766,2766,2784,2766,0.735632,0.740419,0.740419,0.735632,0.740419,0.740419
FIR.lib,64,32,2048,OK,1.072884e-6,256,1237,1270,1237,1237,1270,1237,1.612598,1.655618,1.655618,1.612598,1.655618,1.655618
FIR.basic,64,64,4096,OK,1.072884e-6,128,6902,6946,6902,6902,6946,6902,0.589692,0.593451,0.593451,0.589692,0.593451,0.593451
FIR.basic_restrict,64,64,4096,OK,1.072884e-6,128,6902,6928,6902,6902,6928,6902,0.591224,0.593451,0.593451,0.591224,0.593451,0.593451
FIR.basic_dual_bank,64,64,4096,OK,1.072884e-6,128,6902,6930,6902,6902,6930,6902,0.591053,0.593451,0.593451,0.591053,0.593451,0.593451
FIR.basic_aligned,64,64,4096,OK,1.072884e-6,128,6902,6923,6902,6902,6923,6902,0.591651,0.593451,0.593451,0.591651,0.593451,0.593451
FIR.basic_loop_cnt,64,64,4096,OK,1.072884e-6,128,6499,6530,6499,6499,6530,6499,0.627259,0.630251,0.630251,0.627259,0.630251,0.630251
FIR.circular,64,64,4096,OK,0.834465e-6,128,49541,49541,49541,49541,49541,49541,0.082679,0.082679,0.082679,0.082679,0.082679,0.082679
FIR.circular_opt,64,64,4096,OK,1.072884e-6,128,5518,5536,5518,5518,5536,5518,0.739884,0.742298,0.742298,0.739884,0.742298,0.742298
FIR.lib,64,64,4096,OK,1.072884e-6,128,2373,2406,2373,2373,2406,2373,1.702411,1.726085,1.726085,1.702411,1.726085,1.726085
FIR.basic,64,128,8192,OK,1.072884e-6,64,13238,13282,13238,13238,13282,13238,0.616775,0.618825,0.618825,0.616775,0.618825,0.618825
FIR.basic_restrict,64,128,8192,OK,1.072884e-6,64,13238,13264,13238,13238,13264,13238,0.617612,0.618825,0.618825,0.617612,0.618825,0.618825
FIR.basic_dual_bank,64,128,8192,OK,1.072884e-6,64,13238,13266,13238,13238,13266,13238,0.617519,0.618825,0.618825,0.617519,0.618825,0.618825
FIR.basic_aligned,64,128,8192,OK,1.072884e-6,64,13238,13259,13238,13238,13259,13238,0.617844,0.618825,0.618825,0.617844,0.618825,0.618825
FIR.basic_loop_cnt,64,128,8192,OK,1.072884e-6,64,12451,12482,12451,12451,12482,12451,0.656305,0.657939,0.657939,0.656305,0.657939,0.657939
FIR.circular,64,128,8192,OK,0.834465e-6,64,99077,99077,99077,99077,99077,99077,0.082683,0.082683,0.082683,0.082683,0.082683,0.082683
FIR.circular_opt,64,128,8192,OK,1.072884e-6,64,11022,11040,11022,11022,11040,11022,0.742029,0.743241,0.743241,0.742029,0.743241,0.743241
FIR.lib,64,128,8192,OK,1.072884e-6,64,4645,4678,4645,4645,4678,4645,1.751176,1.763617,1.763617,1.751176,1.763617,1.763617
FIR.basic,128,8,1024,OK,1.311302e-6,1024,2382,2426,2382,2382,2426,2382,0.422094,0.429891,0.429891,0.422094,0.429891,0.429891
FIR.basic_restrict,128,8,1024,OK,1.311302e-6,1024,2382,2408,2382,2382,2408,2382,0.425249,0.429891,0.429891,0.425249,0.429891,0.429891
FIR.basic_dual_bank,128,8,1024,OK,1.311302e-6,1024,2382,2410,2382,2382,2410,2382,0.424896,0.429891,0.429891,0.424896,0.429891,0.429891
FIR.basic_aligned,128,8,1024,OK,1.311302e-6,1024,2382,2403,2382,2382,2403,2382,0.426134,0.429891,0.429891,0.426134,0.429891,0.429891
FIR.basic_loop_cnt,128,8,1024,OK,1.311302e-6,1024,2315,2346,2315,2315,2346,2315,0.436488,0.442333,0.442333,0.436488,0.442333,0.442333
FIR.circular,128,8,1024,OK,1.072884e-6,1024,12341,12341,12341,12341,12341,12341,0.082975,0.082975,0.082975,0.082975,0.082975,0.082975
FIR.circular_opt,128,8,1024,OK,1.311302e-6,1024,1214,1232,1214,1214,1232,1214,0.831169,0.843493,0.843493,0.831169,0.843493,0.843493
FIR.lib,128,8,1024,OK,1.311302e-6,1024,641,674,641,641,674,641,1.519288,1.597504,1.597504,1.519288,1.597504,1.597504
FIR.basic,128,16,2048,OK,1.311302e-6,512,3686,3730,3686,3686,3730,3686,0.549062,0.555616,0.555616,0.549062,0.555616,0.555616
FIR.basic_restrict,128,16,2048,OK,1.311302e-6,512,3686,3712,3686,3686,3712,3686,0.551724,0.555616,0.555616,0.551724,0.555616,0.555616
FIR.basic_dual_bank,128,16,2048,OK,1.311302e-6,512,3686,3714,3686,3686,3714,3686,0.551427,0.555616,0.555616,0.551427,0.555616,0.555616
FIR.basic_aligned,128,16,2048,OK,1.311302e-6,512,3686,3707,3686,3686,3707,3686,0.552468,0.555616,0.555616,0.552468,0.555616,0.555616
FIR.basic_loop_cnt,128,16,2048,OK,1.311302e-6,512,3571,3602,3571,3571,3602,3571,0.568573,0.573509,0.573509,0.568573,0.573509,0.573509
FIR.circular,128,16,2048,OK,1.072884e-6,512,24677,24677,24677,24677,24677,24677,0.082992,0.082992,0.082992,0.082992,0.082992,0.082992
FIR.circular_opt,128,16,2048,OK,1.311302e-6,512,2414,2432,2414,2414,2432,2414,0.842105,0.848384,0.848384,0.842105,0.848384,0.848384
FIR.lib,128,16,2048,OK,1.311302e-6,512,1181,1214,1181,1181,1214,1181,1.686985,1.734124,1.734124,1.686985,1.734124,1.734124
FIR.basic,128,32,4096,OK,1.311302e-6,256,6294,6338,6294,6294,6338,6294,0.646261,0.650779,0.650779,0.646261,0.650779,0.650779
FIR.basic_restrict,128,32,4096,OK,1.311302e-6,256,6294,6320,6294,6294,6320,6294,0.648101,0.650779,0.650779,0.648101,0.650779,0.650779
FIR.basic_dual_bank,128,32,4096,OK,1.311302e-6,256,6294,6322,6294,6294,6322,6294,0.647896,0.650779,0.650779,0.647896,0.650779,0.650779
FIR.basic_aligned,128,32,4096,OK,1.311302e-6,256,6294,6315,6294,6294,6315,6294,0.648614,0.650779,0.650779,0.648614,0.650779,0.650779
FIR.basic_loop_cnt,128,32,4096,OK,1.311302e-6,256,6083,6114,6083,6083,6114,6083,0.669938,0.673352,0.673352,0.669938,0.673352,0.673352
FIR.circular,128,32,4096,OK,1.072884e-6,256,49349,49349,49349,49349,49349,49349,0.083001,0.083001,0.083001,0.083001,0.083001,0.083001
FIR.circular_opt,128,32,4096,OK,1.311302e-6,256,4814,4832,4814,4814,4832,4814,0.847682,0.850852,0.850852,0.847682,0.850852,0.850852
FIR.lib,128,32,4096,OK,1.311302e-6,256,2261,2294,2261,2261,2294,2261,1.785528,1.811588,1.811588,1.785528,1.811588,1.811588
FIR.basic,128,64,8192,OK,1.311302e-6,128,11510,11554,11510,11510,11554,11510,0.709019,0.711729,0.711729,0.709019,0.711729,0.711729
FIR.basic_restrict,128,64,8192,OK,1.311302e-6,128,11510,11536,11510,11510,11536,11510,0.710125,0.711729,0.711729,0.710125,0.711729,0.711729
FIR.basic_dual_bank,128,64,8192,OK,1.311302e-6,128,11510,11538,11510,11510,11538,11510,0.710002,0.711729,0.711729,0.710002,0.711729,0.711729
FIR.basic_aligned,128,64,8192,OK,1.311302e-6,128,11510,11531,11510,11510,11531,11510,0.710433,0.711729,0.711729,0.710433,0.711729,0.711729
FIR.basic_loop_cnt,128,64,8192,OK,1.311302e-6,128,11107,11138,11107,11107,11138,11107,0.735500,0.737553,0.737553,0.735500,0.737553,0.737553
FIR.circular,128,64,8192,OK,1.072884e-6,128,98693,98693,98693,98693,98693,98693,0.083005,0.083005,0.083005,0.083005,0.083005,0.083005
FIR.circular_opt,128,64,8192,OK,1.311302e-6,128,9614,9632,9614,9614,9632,9614,0.850498,0.852091,0.852091,0.850498,0.852091,0.852091
FIR.lib,128,64,8192,OK,1.311302e-6,128,4421,4454,4421,4421,4454,4421,1.839246,1.852974,1.852974,1.839246,1.852974,1.852974
FIR.basic,128,128,16384,OK,1.311302e-6,64,21942,21986,21942,21942,21986,21942,0.745201,0.746696,0.746696,0.745201,0.746696,0.746696
FIR.basic_restrict,128,128,16384,OK,1.311302e-6,64,21942,21968,21942,21942,21968,21942,0.745812,0.746696,0.746696,0.745812,0.746696,0.746696
FIR.basic_dual_bank,128,128,16384,OK,1.311302e-6,64,21942,21970,21942,21942,21970,21942,0.745744,0.746696,0.746696,0.745744,0.746696,0.746696
FIR.basic_aligned,128,128,16384,OK,1.311302e-6,64,21942,21963,21942,21942,21963,21942,0.745982,0.746696,0.746696,0.745982,0.746696,0.746696
FIR.basic_loop_cnt,128,128,16384,OK,1.311302e-6,64,21155,21186,21155,21155,21186,21155,0.773341,0.774474,0.774474,0.773341,0.774474,0.774474
FIR.circular,128,128,16384,OK,1.072884e-6,64,197381,197381,197381,197381,197381,197381,0.083007,0.083007,0.083007,0.083007,0.083007,0.083007
FIR.circular_opt,128,128,16384,OK,1.311302e-6,64,19214,19232,19214,19214,19232,19214,0.851913,0.852712,0.852712,0.851913,0.852712,0.852712
FIR.lib,128,128,16384,OK,1.311302e-6,64,8741,8774,8741,8741,8774,8741,1.867335,1.874385,1.874385,1.867335,1.874385,1.874385
FIR.basic,256,8,2048,OK,1.549721e-6,1024,4430,4474,4430,4430,4474,4430,0.457756,0.462302,0.462302,0.457756,0.462302,0.462302
FIR.basic_restrict,256,8,2048,OK,1.549721e-6,1024,4430,4456,4430,4430,4456,4430,0.459605,0.462302,0.462302,0.459605,0.462302,0.462302
FIR.basic_dual_bank,256,8,2048,OK,1.549721e-6,1024,4430,4458,4430,4430,4458,4430,0.459399,0.462302,0.462302,0.459399,0.462302,0.462302
FIR.basic_aligned,256,8,2048,OK,1.549721e-6,1024,4430,4451,4430,4430,4451,4430,0.460121,0.462302,0.462302,0.460121,0.462302,0.462302
FIR.basic_loop_cnt,256,8,2048,OK,1.549721e-6,1024,4363,4394,4363,4363,4394,4363,0.466090,0.469402,0.469402,0.466090,0.469402,0.469402
FIR.circular,256,8,2048,OK,0.953674e-6,1024,24629,24629,24629,24629,24629,24629,0.083154,0.083154,0.083154,0.083154,0.083154,0.083154
FIR.circular_opt,256,8,2048,OK,1.549721e-6,1024,2238,2256,2238,2238,2256,2238,0.907801,0.915103,0.915103,0.907801,0.915103,0.915103
FIR.lib,256,8,2048,OK,1.549721e-6,1024,1153,1186,1153,1153,1186,1153,1.726813,1.776236,1.776236,1.726813,1.776236,1.776236
FIR.basic,256,16,4096,OK,1.549721e-6,512,6758,6802,6758,6758,6802,6758,0.602176,0.606097,0.606097,0.602176,0.606097,0.606097
FIR.basic_restrict,256,16,4096,OK,1.549721e-6,512,6758,6784,6758,6758,6784,6758,0.603774,0.606097,0.606097,0.603774,0.606097,0.606097
FIR.basic_dual_bank,256,16,4096,OK,1.549721e-6,512,6758,6786,6758,6758,6786,6758,0.603596,0.606097,0.606097,0.603596,0.606097,0.606097
FIR.basic_aligned,256,16,4096,OK,1.549721e-6,512,6758,6779,6758,6758,6779,6758,0.604219,0.606097,0.606097,0.604219,0.606097,0.606097
FIR.basic_loop_cnt,256,16,4096,OK,1.549721e-6,512,6643,6674,6643,6643,6674,6643,0.613725,0.616589,0.616589,0.613725,0.616589,0.616589
FIR.circular,256,16,4096,OK,0.953674e-6,512,49253,49253,49253,49253,49253,49253,0.083162,0.083162,0.083162,0.083162,0.083162,0.083162
FIR.circular_opt,256,16,4096,OK,1.549721e-6,512,4462,4480,4462,4462,4480,4462,0.914286,0.917974,0.917974,0.914286,0.917974,0.917974
FIR.lib,256,16,4096,OK,1.549721e-6,512,2205,2238,2205,2205,2238,2205,1.830206,1.857596,1.857596,1.830206,1.857596,1.857596
FIR.basic,256,32,8192,OK,1.549721e-6,256,11414,11458,11414,11414,11458,11414,0.714959,0.717715,0.717715,0.714959,0.717715,0.717715
FIR.basic_restrict,256,32,8192,OK,1.549721e-6,256,11414,11440,11414,11414,11440,11414,0.716084,0.717715,0.717715,0.716084,0.717715,0.717715
FIR.basic_dual_bank,256,32,8192,OK,1.549721e-6,256,11414,11442,11414,11414,11442,11414,0.715959,0.717715,0.717715,0.715959,0.717715,0.717715
FIR.basic_aligned,256,32,8192,OK,1.549721e-6,256,11414,11435,11414,11414,11435,11414,0.716397,0.717715,0.717715,0.716397,0.717715,0.717715
FIR.basic_loop_cnt,256,32,8192,OK,1.549721e-6,256,11203,11234,11203,11203,11234,11203,0.729215,0.731233,0.731233,0.729215,0.731233,0.731233
FIR.circular,256,32,8192,OK,0.953674e-6,256,98501,98501,98501,98501,98501,98501,0.083167,0.083167,0.083167,0.083167,0.083167,0.083167
FIR.circular_opt,256,32,8192,OK,1.549721e-6,256,8910,8928,8910,8910,8928,8910,0.917563,0.919416,0.919416,0.917563,0.919416,0.919416
FIR.lib,256,32,8192,OK,1.549721e-6,256,4309,4342,4309,4309,4342,4309,1.886688,1.901137,1.901137,1.886688,1.901137,1.901137
FIR.basic,256,64,16384,OK,1.549721e-6,128,20726,20770,20726,20726,20770,20726,0.788830,0.790505,0.790505,0.788830,0.790505,0.790505
FIR.basic_restrict,256,64,16384,OK,1.549721e-6,128,20726,20752,20726,20726,20752,20726,0.789514,0.790505,0.790505,0.789514,0.790505,0.790505
FIR.basic_dual_bank,256,64,16384,OK,1.549721e-6,128,20726,20754,20726,20726,20754,20726,0.789438,0.790505,0.790505,0.789438,0.790505,0.790505
FIR.basic_aligned,256,64,16384,OK,1.549721e-6,128,20726,20747,20726,20726,20747,20726,0.789705,0.790505,0.790505,0.789705,0.790505,0.790505
FIR.basic_loop_cnt,256,64,16384,OK,1.549721e-6,128,20323,20354,20323,20323,20354,20323,0.804952,0.806180,0.806180,0.804952,0.806180,0.806180
FIR.circular,256,64,16384,OK,0.953674e-6,128,196997,196997,196997,196997,196997,196997,0.083169,0.083169,0.083169,0.083169,0.083169,0.083169
FIR.circular_opt,256,64,16384,OK,1.549721e-6,128,17806,17824,17806,17806,17824,17806,0.919210,0.920139,0.920139,0.919210,0.920139,0.920139
FIR.lib,256,64,16384,OK,1.549721e-6,128,8517,8550,8517,8517,8550,8517,1.916257,1.923682,1.923682,1.916257,1.923682,1.923682
FIR.basic,256,128,32768,OK,1.549721e-6,64,39350,39394,39350,39350,39394,39350,0.831802,0.832732,0.832732,0.831802,0.832732,0.832732
FIR.basic_restrict,256,128,32768,OK,1.549721e-6,64,39350,39376,39350,39350,39376,39350,0.832182,0.832732,0.832732,0.832182,0.832732,0.832732
FIR.basic_dual_bank,256,128,32768,OK,1.549721e-6,64,39350,39378,39350,39350,39378,39350,0.832140,0.832732,0.832732,0.832140,0.832732,0.832732
FIR.basic_aligned,256,128,32768,OK,1.549721e-6,64,39350,39371,39350,39350,39371,39350,0.832288,0.832732,0.832732,0.832288,0.832732,0.832732
FIR.basic_loop_cnt,256,128,32768,OK,1.549721e-6,64,38563,38594,38563,38563,38594,38563,0.849044,0.849726,0.849726,0.849044,0.849726,0.849726
FIR.circular,256,128,32768,OK,0.953674e-6,64,393989,393989,393989,393989,393989,393989,0.083170,0.083170,0.083170,0.083170,0.083170,0.083170
FIR.circular_opt,256,128,32768,OK,1.549721e-6,64,35598,35616,35598,35598,35616,35598,0.920036,0.920501,0.920501,0.920036,0.920501,0.920501
FIR.lib,256,128,32768,OK,1.549721e-6,64,16933,16966,16933,16933,16966,16933,1.931392,1.935156,1.935156,1.931392,1.935156,1.935156
FIR.basic,512,8,4096,OK,2.384186e-6,1024,8526,8570,8526,8526,8570,8526,0.477946,0.480413,0.480413,0.477946,0.480413,0.480413
FIR.basic_restrict,512,8,4096,OK,2.384186e-6,1024,8526,8552,8526,8526,8552,8526,0.478952,0.480413,0.480413,0.478952,0.480413,0.480413
FIR.basic_dual_bank,512,8,4096,OK,2.384186e-6,1024,8526,8554,8526,8526,8554,8526,0.478840,0.480413,0.480413,0.478840,0.480413,0.480413
FIR.basic_aligned,512,8,4096,OK,2.384186e-6,1024,8526,8547,8526,8526,8547,8526,0.479233,0.480413,0.480413,0.479233,0.480413,0.480413
FIR.basic_loop_cnt,512,8,4096,OK,2.384186e-6,1024,8459,8490,8459,8459,8490,8459,0.482450,0.484218,0.484218,0.482450,0.484218,0.484218
FIR.circular,512,8,4096,OK,0.953674e-6,1024,49205,49205,49205,49205,49205,49205,0.083244,0.083244,0.083244,0.083244,0.083244,0.083244
FIR.circular_opt,512,8,4096,OK,2.145767e-6,1024,4286,4304,4286,4286,4304,4286,0.951673,0.955670,0.955670,0.951673,0.955670,0.955670
FIR.lib,512,8,4096,OK,2.145767e-6,1024,2177,2210,2177,2177,2210,2177,1.853394,1.881488,1.881488,1.853394,1.881488,1.881488
FIR.basic,512,16,8192,OK,2.384186e-6,512,12902,12946,12902,12902,12946,12902,0.632782,0.634940,0.634940,0.632782,0.634940,0.634940
FIR.basic_restrict,512,16,8192,OK,2.384186e-6,512,12902,12928,12902,12902,12928,12902,0.633663,0.634940,0.634940,0.633663,0.634940,0.634940
FIR.basic_dual_bank,512,16,8192,OK,2.384186e-6,512,12902,12930,12902,12902,12930,12902,0.633565,0.634940,0.634940,0.633565,0.634940,0.634940
FIR.basic_aligned,512,16,8192,OK,2.384186e-6,512,12902,12923,12902,12902,12923,12902,0.633909,0.634940,0.634940,0.633909,0.634940,0.634940
FIR.basic_loop_cnt,512,16,8192,OK,2.384186e-6,512,12787,12818,12787,12787,12818,12787,0.639101,0.640651,0.640651,0.639101,0.640651,0.640651
FIR.circular,512,16,8192,OK,0.953674e-6,512,98405,98405,98405,98405,98405,98405,0.083248,0.083248,0.083248,0.083248,0.083248,0.083248
FIR.circular_opt,512,16,8192,OK,2.145767e-6,512,8558,8576,8558,8558,8576,8558,0.955224,0.957233,0.957233,0.955224,0.957233,0.957233
FIR.lib,512,16,8192,OK,2.145767e-6,512,4253,4286,4253,4253,4286,4253,1.911339,1.926170,1.926170,1.911339,1.926170,1.926170
FIR.basic,512,32,16384,OK,2.384186e-6,256,21654,21698,21654,21654,21698,21654,0.755093,0.756627,0.756627,0.755093,0.756627,0.756627
FIR.basic_restrict,512,32,16384,OK,2.384186e-6,256,21654,21680,21654,21654,21680,21654,0.755720,0.756627,0.756627,0.755720,0.756627,0.756627
FIR.basic_dual_bank,512,32,16384,OK,2.384186e-6,256,21654,21682,21654,21654,21682,21654,0.755650,0.756627,0.756627,0.755650,0.756627,0.756627
FIR.basic_aligned,512,32,16384,OK,2.384186e-6,256,21654,21675,21654,21654,21675,21654,0.755894,0.756627,0.756627,0.755894,0.756627,0.756627
FIR.basic_loop_cnt,512,32,16384,OK,2.384186e-6,256,21443,21474,21443,21443,21474,21443,0.762969,0.764072,0.764072,0.762969,0.764072,0.764072
FIR.circular,512,32,16384,OK,0.953674e-6,256,196805,196805,196805,196805,196805,196805,0.083250,0.083250,0.083250,0.083250,0.083250,0.083250
FIR.circular_opt,512,32,16384,OK,2.145767e-6,256,17102,17120,17102,17102,17120,17102,0.957009,0.958017,0.958017,0.957009,0.958017,0.958017
FIR.lib,512,32,16384,OK,2.145767e-6,256,8405,8438,8405,8405,8438,8405,1.941692,1.949316,1.949316,1.941692,1.949316,1.949316
FIR.basic,512,64,32768,OK,2.384186e-6,128,39158,39202,39158,39158,39202,39158,0.835876,0.836815,0.836815,0.835876,0.836815,0.836815
FIR.basic_restrict,512,64,32768,OK,2.384186e-6,128,39158,39184,39158,39158,39184,39158,0.836260,0.836815,0.836815,0.836260,0.836815,0.836815
FIR.basic_dual_bank,512,64,32768,OK,2.384186e-6,128,39158,39186,39158,39158,39186,39158,0.836217,0.836815,0.836815,0.836217,0.836815,0.836815
FIR.basic_aligned,512,64,32768,OK,2.384186e-6,128,39158,39179,39158,39158,39179,39158,0.836366,0.836815,0.836815,0.836366,0.836815,0.836815
FIR.basic_loop_cnt,512,64,32768,OK,2.384186e-6,128,38755,38786,38755,38755,38786,38755,0.844841,0.845517,0.845517,0.844841,0.845517,0.845517
FIR.circular,512,64,32768,OK,0.953674e-6,128,393605,393605,393605,393605,393605,393605,0.083251,0.083251,0.083251,0.083251,0.083251,0.083251
FIR.circular_opt,512,64,32768,OK,2.145767e-6,128,34190,34208,34190,34190,34208,34190,0.957905,0.958409,0.958409,0.957905,0.958409,0.958409
FIR.lib,512,64,32768,OK,2.145767e-6,128,16709,16742,16709,16709,16742,16709,1.957233,1.961099,1.961099,1.957233,1.961099,1.961099
FIR.basic,512,128,65536,OK,2.384186e-6,64,74166,74210,74166,74166,74210,74166,0.883116,0.883639,0.883639,0.883116,0.883639,0.883639
FIR.basic_restrict,512,128,65536,OK,2.384186e-6,64,74166,74192,74166,74166,74192,74166,0.883330,0.883639,0.883639,0.883330,0.883639,0.883639
FIR.basic_dual_bank,512,128,65536,OK,2.384186e-6,64,74166,74194,74166,74166,74194,74166,0.883306,0.883639,0.883639,0.883306,0.883639,0.883639
FIR.basic_aligned,512,128,65536,OK,2.384186e-6,64,74166,74187,74166,74166,74187,74166,0.883389,0.883639,0.883639,0.883389,0.883639,0.883639
FIR.basic_loop_cnt,512,128,65536,OK,2.384186e-6,64,73379,73410,73379,73379,73410,73379,0.892739,0.893117,0.893117,0.892739,0.893117,0.893117
FIR.circular,512,128,65536,OK,0.953674e-6,64,787205,787205,787205,787205,787205,787205,0.083252,0.083252,0.083252,0.083252,0.083252,0.083252
FIR.circular_opt,512,128,65536,OK,2.145767e-6,64,68366,68384,68366,68366,68384,68366,0.958353,0.958605,0.958605,0.958353,0.958605,0.958605
FIR.lib,512,128,65536,OK,2.145767e-6,64,33317,33350,33317,33317,33350,33317,1.965097,1.967044,1.967044,1.965097,1.967044,1.967044
FIR.basic,1024,8,8192,OK,2.861023e-6,1024,16718,16762,16718,16718,16762,16718,0.488725,0.490011,0.490011,0.488725,0.490011,0.490011
FIR.basic_restrict,1024,8,8192,OK,2.861023e-6,1024,16718,16744,16718,16718,16744,16718,0.489250,0.490011,0.490011,0.489250,0.490011,0.490011
FIR.basic_dual_bank,1024,8,8192,OK,2.861023e-6,1024,16718,16746,16718,16718,16746,16718,0.489191,0.490011,0.490011,0.489191,0.490011,0.490011
FIR.basic_aligned,1024,8,8192,OK,2.861023e-6,1024,16718,16739,16718,16718,16739,16718,0.489396,0.490011,0.490011,0.489396,0.490011,0.490011
FIR.basic_loop_cnt,1024,8,8192,OK,2.861023e-6,1024,16651,16682,16651,16651,16682,16651,0.491068,0.491982,0.491982,0.491068,0.491982,0.491982
FIR.circular,1024,8,8192,OK,0.953674e-6,1024,98357,98357,98357,98357,98357,98357,0.083288,0.083288,0.083288,0.083288,0.083288,0.083288
FIR.circular_opt,1024,8,8192,OK,2.622604e-6,1024,8382,8400,8382,8382,8400,8382,0.975238,0.977332,0.977332,0.975238,0.977332,0.977332
FIR.lib,1024,8,8192,OK,2.622604e-6,1024,4225,4258,4225,4225,4258,4225,1.923908,1.938935,1.938935,1.923908,1.938935,1.938935
FIR.basic,1024,16,16384,OK,2.861023e-6,512,25190,25234,25190,25190,25234,25190,0.649283,0.650417,0.650417,0.649283,0.650417,0.650417
FIR.basic_restrict,1024,16,16384,OK,2.861023e-6,512,25190,25216,25190,25190,25216,25190,0.649746,0.650417,0.650417,0.649746,0.650417,0.650417
FIR.basic_dual_bank,1024,16,16384,OK,2.861023e-6,512,25190,25218,25190,25190,25218,25190,0.649695,0.650417,0.650417,0.649695,0.650417,0.650417
FIR.basic_aligned,1024,16,16384,OK,2.861023e-6,512,25190,25211,25190,25190,25211,25190,0.649875,0.650417,0.650417,0.649875,0.650417,0.650417
FIR.basic_loop_cnt,1024,16,16384,OK,2.861023e-6,512,25075,25106,25075,25075,25106,25075,0.652593,0.653400,0.653400,0.652593,0.653400,0.653400
FIR.circular,1024,16,16384,OK,0.953674e-6,512,196709,196709,196709,196709,196709,196709,0.083291,0.083291,0.083291,0.083291,0.083291,0.083291
FIR.circular_opt,1024,16,16384,OK,2.622604e-6,512,16750,16768,16750,16750,16768,16750,0.977099,0.978149,0.978149,0.977099,0.978149,0.978149
FIR.lib,1024,16,16384,OK,2.622604e-6,512,8349,8382,8349,8349,8382,8349,1.954665,1.962391,1.962391,1.954665,1.962391,1.962391
FIR.basic,1024,32,32768,OK,2.861023e-6,256,42134,42178,42134,42134,42178,42134,0.776898,0.777709,0.777709,0.776898,0.777709,0.777709
FIR.basic_restrict,1024,32,32768,OK,2.861023e-6,256,42134,42160,42134,42134,42160,42134,0.777230,0.777709,0.777709,0.777230,0.777709,0.777709
FIR.basic_dual_bank,1024,32,32768,OK,2.861023e-6,256,42134,42162,42134,42134,42162,42134,0.777193,0.777709,0.777709,0.777193,0.777709,0.777709
FIR.basic_aligned,1024,32,32768,OK,2.861023e-6,256,42134,42155,42134,42134,42155,42134,0.777322,0.777709,0.777709,0.777322,0.777709,0.777709
FIR.basic_loop_cnt,1024,32,32768,OK,2.861023e-6,256,41923,41954,41923,41923,41954,41923,0.781046,0.781623,0.781623,0.781046,0.781623,0.781623
FIR.circular,1024,32,32768,OK,0.953674e-6,256,393413,393413,393413,393413,393413,393413,0.083292,0.083292,0.083292,0.083292,0.083292,0.083292
FIR.circular_opt,1024,32,32768,OK,2.622604e-6,256,33486,33504,33486,33486,33504,33486,0.978033,0.978558,0.978558,0.978033,0.978558,0.978558
FIR.lib,1024,32,32768,OK,2.622604e-6,256,16597,16630,16597,16597,16630,16597,1.970415,1.974333,1.974333,1.970415,1.974333,1.974333
FIR.basic,1024,64,65536,OK,2.861023e-6,128,76022,76066,76022,76022,76066,76022,0.861568,0.862066,0.862066,0.861568,0.862066,0.862066
FIR.basic_restrict,1024,64,65536,OK,2.861023e-6,128,76022,76048,76022,76022,76048,76022,0.861772,0.862066,0.862066,0.861772,0.862066,0.862066
FIR.basic_dual_bank,1024,64,65536,OK,2.861023e-6,128,76022,76050,76022,76022,76050,76022,0.861749,0.862066,0.862066,0.861749,0.862066,0.862066
FIR.basic_aligned,1024,64,65536,OK,2.861023e-6,128,76022,76043,76022,76022,76043,76022,0.861828,0.862066,0.862066,0.861828,0.862066,0.862066
FIR.basic_loop_cnt,1024,64,65536,OK,2.861023e-6,128,75619,75650,75619,75619,75650,75619,0.866305,0.866661,0.866661,0.866305,0.866661,0.866661
FIR.circular,1024,64,65536,OK,0.953674e-6,128,786821,786821,786821,786821,786821,786821,0.083292,0.083292,0.083292,0.083292,0.083292,0.083292
FIR.circular_opt,1024,64,65536,OK,2.622604e-6,128,66958,66976,66958,66958,66976,66958,0.978500,0.978763,0.978763,0.978500,0.978763,0.978763
FIR.lib,1024,64,65536,OK,2.622604e-6,128,33093,33126,33093,33093,33126,33093,1.978386,1.980358,1.980358,1.978386,1.980358,1.980358
FIR.basic,1024,128,131072,OK,2.861023e-6,64,143798,143842,143798,143798,143842,143798,0.911222,0.911501,0.911501,0.911222,0.911501,0.911501
FIR.basic_restrict,1024,128,131072,OK,2.861023e-6,64,143798,143824,143798,143798,143824,143798,0.911336,0.911501,0.911501,0.911336,0.911501,0.911501
FIR.basic_dual_bank,1024,128,131072,OK,2.861023e-6,64,143798,143826,143798,143798,143826,143798,0.911323,0.911501,0.911501,0.911323,0.911501,0.911501
FIR.basic_aligned,1024,128,131072,OK,2.861023e-6,64,143798,143819,143798,143798,143819,143798,0.911368,0.911501,0.911501,0.911368,0.911501,0.911501
FIR.basic_loop_cnt,1024,128,131072,OK,2.861023e-6,64,143011,143042,143011,143011,143042,143011,0.916318,0.916517,0.916517,0.916318,0.916517,0.916517
FIR.circular,1024,128,131072,OK,0.953674e-6,64,1573637,1573637,1573637,1573637,1573637,1573637,0.083292,0.083292,0.083292,0.083292,0.083292,0.083292
FIR.circular_opt,1024,128,131072,OK,2.622604e-6,64,133902,133920,133902,133902,133920,133902,0.978734,0.978865,0.978865,0.978734,0.978865,0.978865
FIR.lib,1024,128,131072,OK,2.622604e-6,64,66085,66118,66085,66085,66118,66085,1.982395,1.983385,1.983385,1.982395,1.983385,1.983385
FIR.basic,2048,8,16384,OK,4.529953e-6,1024,33102,33146,33102,33102,33146,33102,0.494298,0.494955,0.494955,0.494298,0.494955,0.494955
FIR.basic_restrict,2048,8,16384,OK,4.529953e-6,1024,33102,33128,33102,33102,33128,33102,0.494567,0.494955,0.494955,0.494567,0.494955,0.494955
FIR.basic_dual_bank,2048,8,16384,OK,4.529953e-6,1024,33102,33130,33102,33102,33130,33102,0.494537,0.494955,0.494955,0.494537,0.494955,0.494955
FIR.basic_aligned,2048,8,16384,OK,4.529953e-6,1024,33102,33123,33102,33102,33123,33102,0.494641,0.494955,0.494955,0.494641,0.494955,0.494955
FIR.basic_loop_cnt,2048,8,16384,OK,4.529953e-6,1024,33035,33066,33035,33035,33066,33035,0.495494,0.495959,0.495959,0.495494,0.495959,0.495959
FIR.circular,2048,8,16384,OK,0.953674e-6,1024,196661,196661,196661,196661,196661,196661,0.083311,0.083311,0.083311,0.083311,0.083311,0.083311
FIR.circular_opt,2048,8,16384,OK,4.768372e-6,1024,16574,16592,16574,16574,16592,16574,0.987464,0.988536,0.988536,0.987464,0.988536,0.988536
FIR.lib,2048,8,16384,OK,4.768372e-6,1024,8321,8354,8321,8321,8354,8321,1.961216,1.968994,1.968994,1.961216,1.968994,1.968994
FIR.basic,2048,16,32768,OK,4.529953e-6,512,49766,49810,49766,49766,49810,49766,0.657860,0.658442,0.658442,0.657860,0.658442,0.658442
FIR.basic_restrict,2048,16,32768,OK,4.529953e-6,512,49766,49792,49766,49766,49792,49766,0.658098,0.658442,0.658442,0.658098,0.658442,0.658442
FIR.basic_dual_bank,2048,16,32768,OK,4.529953e-6,512,49766,49794,49766,49766,49794,49766,0.658071,0.658442,0.658442,0.658071,0.658442,0.658442
FIR.basic_aligned,2048,16,32768,OK,4.529953e-6,512,49766,49787,49766,49766,49787,49766,0.658164,0.658442,0.658442,0.658164,0.658442,0.658442
FIR.basic_loop_cnt,2048,16,32768,OK,4.529953e-6,512,49651,49682,49651,49651,49682,49651,0.659555,0.659967,0.659967,0.659555,0.659967,0.659967
FIR.circular,2048,16,32768,OK,0.953674e-6,512,393317,393317,393317,393317,393317,393317,0.083312,0.083312,0.083312,0.083312,0.083312,0.083312
FIR.circular_opt,2048,16,32768,OK,4.768372e-6,512,33134,33152,33134,33134,33152,33134,0.988417,0.988954,0.988954,0.988417,0.988954,0.988954
FIR.lib,2048,16,32768,OK,4.768372e-6,512,16541,16574,16541,16541,16574,16541,1.977073,1.981017,1.981017,1.977073,1.981017,1.981017
FIR.basic,2048,32,65536,OK,4.529953e-6,256,83094,83138,83094,83094,83138,83094,0.788280,0.788697,0.788697,0.788280,0.788697,0.788697
FIR.basic_restrict,2048,32,65536,OK,4.529953e-6,256,83094,83120,83094,83094,83120,83094,0.788450,0.788697,0.788697,0.788450,0.788697,0.788697
FIR.basic_dual_bank,2048,32,65536,OK,4.529953e-6,256,83094,83122,83094,83094,83122,83094,0.788431,0.788697,0.788697,0.788431,0.788697,0.788697
FIR.basic_aligned,2048,32,65536,OK,4.529953e-6,256,83094,83115,83094,83094,83115,83094,0.788498,0.788697,0.788697,0.788498,0.788697,0.788697
FIR.basic_loop_cnt,2048,32,65536,OK,4.529953e-6,256,82883,82914,82883,82883,82914,82883,0.790409,0.790705,0.790705,0.790409,0.790705,0.790705
FIR.circular,2048,32,65536,OK,0.953674e-6,256,786629,786629,786629,786629,786629,786629,0.083312,0.083312,0.083312,0.083312,0.083312,0.083312
FIR.circular_opt,2048,32,65536,OK,4.768372e-6,256,66254,66272,66254,66254,66272,66254,0.988894,0.989163,0.989163,0.988894,0.989163,0.989163
FIR.lib,2048,32,65536,OK,4.768372e-6,256,32981,33014,32981,32981,33014,32981,1.985097,1.987083,1.987083,1.985097,1.987083,1.987083
FIR.basic,2048,64,131072,OK,4.529953e-6,128,149750,149794,149750,149750,149794,149750,0.875015,0.875272,0.875272,0.875015,0.875272,0.875272
FIR.basic_restrict,2048,64,131072,OK,4.529953e-6,128,149750,149776,149750,149750,149776,149750,0.875120,0.875272,0.875272,0.875120,0.875272,0.875272
FIR.basic_dual_bank,2048,64,131072,OK,4.529953e-6,128,149750,149778,149750,149750,149778,149750,0.875109,0.875272,0.875272,0.875109,0.875272,0.875272
FIR.basic_aligned,2048,64,131072,OK,4.529953e-6,128,149750,149771,149750,149750,149771,149750,0.875149,0.875272,0.875272,0.875149,0.875272,0.875272
FIR.basic_loop_cnt,2048,64,131072,OK,4.529953e-6,128,149347,149378,149347,149347,149378,149347,0.877452,0.877634,0.877634,0.877452,0.877634,0.877634
FIR.circular,2048,64,131072,OK,0.953674e-6,128,1573253,1573253,1573253,1573253,1573253,1573253,0.083313,0.083313,0.083313,0.083313,0.083313,0.083313
FIR.circular_opt,2048,64,131072,OK,4.768372e-6,128,132494,132512,132494,132494,132512,132494,0.989133,0.989267,0.989267,0.989133,0.989267,0.989267
FIR.lib,2048,64,131072,OK,4.768372e-6,128,65861,65894,65861,65861,65894,65861,1.989134,1.990131,1.990131,1.989134,1.990131,1.990131
FIR.basic,2048,128,262144,OK,4.529953e-6,64,283062,283106,283062,283062,283106,283062,0.925957,0.926101,0.926101,0.925957,0.926101,0.926101
FIR.basic_restrict,2048,128,262144,OK,4.529953e-6,64,283062,283088,283062,283062,283088,283062,0.926016,0.926101,0.926101,0.926016,0.926101,0.926101
FIR.basic_dual_bank,2048,128,262144,OK,4.529953e-6,64,283062,283090,283062,283062,283090,283062,0.926009,0.926101,0.926101,0.926009,0.926101,0.926101
FIR.basic_aligned,2048,128,262144,OK,4.529953e-6,64,283062,283083,283062,283062,283083,283062,0.926032,0.926101,0.926101,0.926032,0.926101,0.926101
FIR.basic_loop_cnt,2048,128,262144,OK,4.529953e-6,64,282275,282306,282275,282275,282306,282275,0.928581,0.928683,0.928683,0.928581,0.928683,0.928683
FIR.circular,2048,128,262144,OK,0.953674e-6,64,3146501,3146501,3146501,3146501,3146501,3146501,0.083313,0.083313,0.083313,0.083313,0.083313,0.083313
FIR.circular_opt,2048,128,262144,OK,4.768372e-6,64,264974,264992,264974,264974,264992,264974,0.989253,0.989320,0.989320,0.989253,0.989320,0.989320
FIR.lib,2048,128,262144,OK,4.768372e-6,64,131621,131654,131621,131621,131654,131621,1.991159,1.991658,1.991658,1.991159,1.991658,1.991658
FIR.basic,4096,8,32768,OK,5.364418e-6,1024,65870,65914,65870,65870,65914,65870,0.497133,0.497465,0.497465,0.497133,0.497465,0.497465
FIR.basic_restrict,4096,8,32768,OK,5.364418e-6,1024,65870,65896,65870,65870,65896,65870,0.497268,0.497465,0.497465,0.497268,0.497465,0.497465
FIR.basic_dual_bank,4096,8,32768,OK,5.364418e-6,1024,65870,65898,65870,65870,65898,65870,0.497253,0.497465,0.497465,0.497253,0.497465,0.497465
FIR.basic_aligned,4096,8,32768,OK,5.364418e-6,1024,65870,65891,65870,65870,65891,65870,0.497306,0.497465,0.497465,0.497306,0.497465,0.497465
FIR.basic_loop_cnt,4096,8,32768,OK,5.364418e-6,1024,65803,65834,65803,65803,65834,65803,0.497737,0.497971,0.497971,0.497737,0.497971,0.497971
FIR.circular,4096,8,32768,OK,0.953674e-6,1024,393269,393269,393269,393269,393269,393269,0.083322,0.083322,0.083322,0.083322,0.083322,0.083322
FIR.circular_opt,4096,8,32768,OK,4.887581e-6,1024,32958,32976,32958,32958,32976,32958,0.993692,0.994235,0.994235,0.993692,0.994235,0.994235
FIR.lib,4096,8,32768,OK,4.887581e-6,1024,16513,16546,16513,16513,16546,16513,1.980418,1.984376,1.984376,1.980418,1.984376,1.984376
FIR.basic,4096,16,65536,OK,5.364418e-6,512,98918,98962,98918,98918,98962,98918,0.662234,0.662529,0.662529,0.662234,0.662529,0.662529
FIR.basic_restrict,4096,16,65536,OK,5.364418e-6,512,98918,98944,98918,98918,98944,98918,0.662355,0.662529,0.662529,0.662355,0.662529,0.662529
FIR.basic_dual_bank,4096,16,65536,OK,5.364418e-6,512,98918,98946,98918,98918,98946,98918,0.662341,0.662529,0.662529,0.662341,0.662529,0.662529
FIR.basic_aligned,4096,16,65536,OK,5.364418e-6,512,98918,98939,98918,98918,98939,98918,0.662388,0.662529,0.662529,0.662388,0.662529,0.662529
FIR.basic_loop_cnt,4096,16,65536,OK,5.364418e-6,512,98803,98834,98803,98803,98834,98803,0.663092,0.663300,0.663300,0.663092,0.663300,0.663300
FIR.circular,4096,16,65536,OK,0.953674e-6,512,786533,786533,786533,786533,786533,786533,0.083323,0.083323,0.083323,0.083323,0.083323,0.083323
FIR.circular_opt,4096,16,65536,OK,4.887581e-6,512,65902,65920,65902,65902,65920,65902,0.994175,0.994446,0.994446,0.994175,0.994446,0.994446
FIR.lib,4096,16,65536,OK,4.887581e-6,512,32925,32958,32925,32925,32958,32925,1.988470,1.990463,1.990463,1.988470,1.990463,1.990463
FIR.basic,4096,32,131072,OK,5.364418e-6,256,165014,165058,165014,165014,165058,165014,0.794097,0.794308,0.794308,0.794097,0.794308,0.794308
FIR.basic_restrict,4096,32,131072,OK,5.364418e-6,256,165014,165040,165014,165014,165040,165014,0.794183,0.794308,0.794308,0.794183,0.794308,0.794308
FIR.basic_dual_bank,4096,32,131072,OK,5.364418e-6,256,165014,165042,165014,165014,165042,165014,0.794174,0.794308,0.794308,0.794174,0.794308,0.794308
FIR.basic_aligned,4096,32,131072,OK,5.364418e-6,256,165014,165035,165014,165014,165035,165014,0.794207,0.794308,0.794308,0.794207,0.794308,0.794308
FIR.basic_loop_cnt,4096,32,131072,OK,5.364418e-6,256,164803,164834,164803,164803,164834,164803,0.795176,0.795325,0.795325,0.795176,0.795325,0.795325
FIR.circular,4096,32,131072,OK,0.953674e-6,256,1573061,1573061,1573061,1573061,1573061,1573061,0.083323,0.083323,0.083323,0.083323,0.083323,0.083323
FIR.circular_opt,4096,32,131072,OK,4.887581e-6,256,131790,131808,131790,131790,131808,131790,0.994416,0.994552,0.994552,0.994416,0.994552,0.994552
FIR.lib,4096,32,131072,OK,4.887581e-6,256,65749,65782,65749,65749,65782,65749,1.992521,1.993521,1.993521,1.992521,1.993521,1.993521
FIR.basic,4096,64,262144,OK,5.364418e-6,128,297206,297250,297206,297206,297250,297206,0.881897,0.882028,0.882028,0.881897,0.882028,0.882028
FIR.basic_restrict,4096,64,262144,OK,5.364418e-6,128,297206,297232,297206,297206,297232,297206,0.881951,0.882028,0.882028,0.881951,0.882028,0.882028
FIR.basic_dual_bank,4096,64,262144,OK,5.364418e-6,128,297206,297234,297206,297206,297234,297206,0.881945,0.882028,0.882028,0.881945,0.882028,0.882028
FIR.basic_aligned,4096,64,262144,OK,5.364418e-6,128,297206,297227,297206,297206,297227,297206,0.881966,0.882028,0.882028,0.881966,0.882028,0.882028
FIR.basic_loop_cnt,4096,64,262144,OK,5.364418e-6,128,296803,296834,296803,296803,296834,296803,0.883133,0.883226,0.883226,0.883133,0.883226,0.883226
FIR.circular,4096,64,262144,OK,0.953674e-6,128,3146117,3146117,3146117,3146117,3146117,3146117,0.083323,0.083323,0.083323,0.083323,0.083323,0.083323
FIR.circular_opt,4096,64,262144,OK,4.887581e-6,128,263566,263584,263566,263566,263584,263566,0.994537,0.994605,0.994605,0.994537,0.994605,0.994605
FIR.lib,4096,64,262144,OK,4.887581e-6,128,131397,131430,131397,131397,131430,131397,1.994552,1.995053,1.995053,1.994552,1.995053,1.995053
FIR.basic,4096,128,524288,OK,5.364418e-6,64,561590,561634,561590,561590,561634,561590,0.933505,0.933578,0.933578,0.933505,0.933578,0.933578
FIR.basic_restrict,4096,128,524288,OK,5.364418e-6,64,561590,561616,561590,561590,561616,561590,0.933535,0.933578,0.933578,0.933535,0.933578,0.933578
FIR.basic_dual_bank,4096,128,524288,OK,5.364418e-6,64,561590,561618,561590,561590,561618,561590,0.933531,0.933578,0.933578,0.933531,0.933578,0.933578
FIR.basic_aligned,4096,128,524288,OK,5.364418e-6,64,561590,561611,561590,561590,561611,561590,0.933543,0.933578,0.933578,0.933543,0.933578,0.933578
FIR.basic_loop_cnt,4096,128,524288,OK,5.364418e-6,64,560803,560834,560803,560803,560834,560803,0.934836,0.934888,0.934888,0.934836,0.934888,0.934888
FIR.circular,4096,128,524288,OK,0.953674e-6,64,6292229,6292229,6292229,6292229,6292229,6292229,0.083323,0.083323,0.083323,0.083323,0.083323,0.083323
FIR.circular_opt,4096,128,524288,OK,4.887581e-6,64,527118,527136,527118,527118,527136,527118,0.994597,0.994631,0.994631,0.994597,0.994631,0.994631
FIR.lib,4096,128,524288,OK,4.887581e-6,64,262693,262726,262693,262693,262726,262693,1.995570,1.995820,1.995820,1.995570,1.995820,1.995820
