name,fir_size,buffer_size,mac,result,max_error_e6,count,min_cycles,max_cycles,avg_cycles,min_nsec,max_nsec,avg_nsec,min_mac_per_cycle,max_mac_per_cycle,avg_mac_per_cycle,min_mac_per_nsec,max_mac_per_nsec,avg_mac_per_nsec
100 NOP,0,0,0,OK,0.000000e-6,9999.000000,80.000000,74552.000000,104.000000,53.000000,49701.000000,69.000000,0.000000,0.000000,0.000000,0.000000,0.000000,0.000000
1000 NOP,0,0,0,OK,0.000000e-6,9999.000000,998.000000,37413.000000,1002.000000,665.000000,24942.000000,668.000000,0.000000,0.000000,0.000000,0.000000,0.000000,0.000000
FIR.basic,16,8,128,OK,0.834465e-6,1023.000000,359.000000,609.000000,386.000000,239.000000,406.000000,257.000000,0.210181,0.356546,0.331606,0.315271,0.535565,0.498054
FIR.basic_restrict,16,8,128,OK,0.834465e-6,1023.000000,440.000000,497.000000,444.000000,293.000000,331.000000,296.000000,0.257545,0.290909,0.288288,0.386707,0.436860,0.432432
FIR.circular,16,8,128,OK,0.834465e-6,1023.000000,912.000000,969.000000,932.000000,608.000000,646.000000,621.000000,0.132095,0.140351,0.137339,0.198142,0.210526,0.206119
FIR.circular_restrict,16,8,128,OK,0.834465e-6,1023.000000,912.000000,969.000000,932.000000,608.000000,646.000000,621.000000,0.132095,0.140351,0.137339,0.198142,0.210526,0.206119
FIR.opt,16,8,128,OK,0.834465e-6,1023.000000,137.000000,221.000000,150.000000,91.000000,147.000000,100.000000,0.579186,0.934307,0.853333,0.870748,1.406593,1.280000
FIR.cmsis,16,8,128,OK,0.715256e-6,1023.000000,137.000000,221.000000,156.000000,91.000000,147.000000,104.000000,0.579186,0.934307,0.820513,0.870748,1.406593,1.230769
FIR.basic_cache_thrash,16,8,128,OK,0.834465e-6,1023.000000,359.000000,3747.000000,482.000000,239.000000,2498.000000,321.000000,0.034161,0.356546,0.265560,0.051241,0.535565,0.398754
FIR.opt_cache_thrash,16,8,128,OK,0.834465e-6,1023.000000,137.000000,3359.000000,237.000000,91.000000,2239.000000,158.000000,0.038107,0.934307,0.540084,0.057168,1.406593,0.810127
FIR.basic,16,16,256,OK,0.834465e-6,511.000000,690.000000,1052.000000,731.000000,460.000000,701.000000,487.000000,0.243346,0.371015,0.350205,0.365193,0.556522,0.525667
FIR.basic_restrict,16,16,256,OK,0.834465e-6,511.000000,830.000000,16802.000000,888.000000,553.000000,11201.000000,592.000000,0.015236,0.308434,0.288288,0.022855,0.462929,0.432432
FIR.circular,16,16,256,OK,0.834465e-6,511.000000,1829.000000,1886.000000,1853.000000,1219.000000,1257.000000,1235.000000,0.135737,0.139967,0.138154,0.203660,0.210008,0.207287
FIR.circular_restrict,16,16,256,OK,0.834465e-6,511.000000,1829.000000,1886.000000,1853.000000,1219.000000,1257.000000,1235.000000,0.135737,0.139967,0.138154,0.203660,0.210008,0.207287
FIR.opt,16,16,256,OK,0.834465e-6,511.000000,246.000000,329.000000,263.000000,164.000000,219.000000,175.000000,0.778116,1.040650,0.973384,1.168950,1.560976,1.462857
FIR.cmsis,16,16,256,OK,0.715256e-6,511.000000,246.000000,386.000000,270.000000,164.000000,257.000000,180.000000,0.663212,1.040650,0.948148,0.996109,1.560976,1.422222
FIR.basic_cache_thrash,16,16,256,OK,0.834465e-6,511.000000,720.000000,4608.000000,1455.000000,480.000000,3072.000000,970.000000,0.055556,0.355556,0.175945,0.083333,0.533333,0.263918
FIR.opt_cache_thrash,16,16,256,OK,0.834465e-6,511.000000,273.000000,5108.000000,1058.000000,182.000000,3405.000000,705.000000,0.050117,0.937729,0.241966,0.075184,1.406593,0.363121
FIR.basic,16,32,512,OK,0.834465e-6,255.000000,1358.000000,1719.000000,1418.000000,905.000000,1146.000000,945.000000,0.297848,0.377025,0.361072,0.446771,0.565746,0.541799
FIR.basic_restrict,16,32,512,OK,0.834465e-6,255.000000,1637.000000,1775.000000,1667.000000,1091.000000,1183.000000,1111.000000,0.288451,0.312767,0.307139,0.432798,0.469294,0.460846
FIR.circular,16,32,512,OK,0.834465e-6,255.000000,3690.000000,3719.000000,3693.000000,2460.000000,2479.000000,2462.000000,0.137671,0.138753,0.138641,0.206535,0.208130,0.207961
FIR.circular_restrict,16,32,512,OK,0.834465e-6,255.000000,3692.000000,17358.000000,3747.000000,2461.000000,11572.000000,2498.000000,0.029496,0.138678,0.136643,0.044245,0.208046,0.204964
FIR.opt,16,32,512,OK,0.834465e-6,255.000000,468.000000,552.000000,492.000000,312.000000,368.000000,328.000000,0.927536,1.094017,1.040650,1.391304,1.641026,1.560976
FIR.cmsis,16,32,512,OK,0.715256e-6,255.000000,497.000000,665.000000,507.000000,331.000000,443.000000,338.000000,0.769925,1.030181,1.009862,1.155756,1.546828,1.514793
FIR.basic_cache_thrash,16,32,512,OK,0.834465e-6,255.000000,1413.000000,5468.000000,2187.000000,942.000000,3645.000000,1458.000000,0.093636,0.362350,0.234111,0.140466,0.543524,0.351166
FIR.opt_cache_thrash,16,32,512,OK,0.834465e-6,255.000000,498.000000,4803.000000,1373.000000,332.000000,3202.000000,915.000000,0.106600,1.028112,0.372906,0.159900,1.542169,0.559563
FIR.basic,16,64,1024,OK,0.834465e-6,127.000000,2712.000000,3269.000000,2781.000000,1808.000000,2179.000000,1854.000000,0.313246,0.377581,0.368213,0.469940,0.566372,0.552319
FIR.basic_restrict,16,64,1024,OK,0.834465e-6,127.000000,3248.000000,3387.000000,3279.000000,2165.000000,2258.000000,2186.000000,0.302332,0.315271,0.312290,0.453499,0.472979,0.468435
FIR.circular,16,64,1024,OK,0.834465e-6,127.000000,7358.000000,7415.000000,7373.000000,4905.000000,4943.000000,4915.000000,0.138098,0.139168,0.138885,0.207162,0.208767,0.208342
FIR.circular_restrict,16,64,1024,OK,0.834465e-6,127.000000,7358.000000,7415.000000,7373.000000,4905.000000,4943.000000,4915.000000,0.138098,0.139168,0.138885,0.207162,0.208767,0.208342
FIR.opt,16,64,1024,OK,0.834465e-6,127.000000,941.000000,998.000000,954.000000,627.000000,665.000000,636.000000,1.026052,1.088204,1.073375,1.539850,1.633174,1.610063
FIR.cmsis,16,64,1024,OK,0.715256e-6,127.000000,969.000000,1053.000000,996.000000,646.000000,702.000000,664.000000,0.972460,1.056760,1.028112,1.458689,1.585139,1.542169
FIR.basic_cache_thrash,16,64,1024,OK,0.834465e-6,127.000000,2747.000000,74717.000000,3984.000000,1831.000000,49811.000000,2656.000000,0.013705,0.372770,0.257028,0.020558,0.559257,0.385542
FIR.opt_cache_thrash,16,64,1024,OK,0.834465e-6,127.000000,968.000000,74135.000000,2555.000000,645.000000,49423.000000,1703.000000,0.013813,1.057851,0.400783,0.020719,1.587597,0.601292
FIR.basic,16,128,2048,OK,0.834465e-6,63.000000,5385.000000,5940.000000,5447.000000,3590.000000,3960.000000,3631.000000,0.344781,0.380316,0.375987,0.517172,0.570474,0.564032
FIR.basic_restrict,16,128,2048,OK,0.834465e-6,63.000000,6495.000000,6690.000000,6524.000000,4330.000000,4460.000000,4349.000000,0.306129,0.315319,0.313918,0.459193,0.472979,0.470913
FIR.circular,16,128,2048,OK,0.834465e-6,63.000000,14718.000000,14775.000000,14733.000000,9812.000000,9850.000000,9822.000000,0.138613,0.139149,0.139008,0.207919,0.208724,0.208512
FIR.circular_restrict,16,128,2048,OK,0.834465e-6,63.000000,14718.000000,14775.000000,14736.000000,9812.000000,9850.000000,9824.000000,0.138613,0.139149,0.138979,0.207919,0.208724,0.208469
FIR.opt,16,128,2048,OK,0.834465e-6,63.000000,1830.000000,1914.000000,1862.000000,1220.000000,1276.000000,1241.000000,1.070010,1.119126,1.099893,1.605016,1.678689,1.650282
FIR.cmsis,16,128,2048,OK,0.715256e-6,63.000000,1913.000000,2024.000000,1940.000000,1275.000000,1349.000000,1293.000000,1.011858,1.070570,1.055670,1.518162,1.606274,1.583913
FIR.basic_cache_thrash,16,128,2048,OK,0.834465e-6,63.000000,5469.000000,6498.000000,5786.000000,3646.000000,4332.000000,3857.000000,0.315174,0.374474,0.353958,0.472761,0.561711,0.530983
FIR.opt_cache_thrash,16,128,2048,OK,0.834465e-6,63.000000,1914.000000,4166.000000,2325.000000,1276.000000,2777.000000,1550.000000,0.491599,1.070010,0.880860,0.737486,1.605016,1.321290
FIR.basic,32,8,256,OK,1.072884e-6,1023.000000,635.000000,858.000000,644.000000,423.000000,572.000000,429.000000,0.298368,0.403150,0.397516,0.447552,0.605201,0.596737
FIR.basic_restrict,32,8,256,OK,1.072884e-6,1023.000000,716.000000,800.000000,731.000000,477.000000,533.000000,487.000000,0.320000,0.357542,0.350205,0.480300,0.536688,0.525667
FIR.circular,32,8,256,OK,0.834465e-6,1023.000000,1970.000000,1998.000000,1971.000000,1313.000000,1332.000000,1314.000000,0.128128,0.129949,0.129883,0.192192,0.194973,0.194825
FIR.circular_restrict,32,8,256,OK,0.834465e-6,1023.000000,1968.000000,15441.000000,1983.000000,1312.000000,10294.000000,1322.000000,0.016579,0.130081,0.129097,0.024869,0.195122,0.193646
FIR.opt,32,8,256,OK,1.072884e-6,1023.000000,191.000000,275.000000,212.000000,127.000000,183.000000,141.000000,0.930909,1.340314,1.207547,1.398907,2.015748,1.815603
FIR.cmsis,32,8,256,OK,0.715256e-6,1023.000000,246.000000,357.000000,272.000000,164.000000,238.000000,181.000000,0.717087,1.040650,0.941176,1.075630,1.560976,1.414365
FIR.basic_cache_thrash,32,8,256,OK,1.072884e-6,1023.000000,636.000000,3971.000000,756.000000,424.000000,2647.000000,504.000000,0.064467,0.402516,0.338624,0.096713,0.603774,0.507937
FIR.opt_cache_thrash,32,8,256,OK,1.072884e-6,1023.000000,192.000000,3831.000000,329.000000,128.000000,2554.000000,219.000000,0.066823,1.333333,0.778116,0.100235,2.000000,1.168950
FIR.basic,32,16,512,OK,1.072884e-6,511.000000,1220.000000,1415.000000,1229.000000,813.000000,943.000000,819.000000,0.361837,0.419672,0.416599,0.542948,0.629766,0.625153
FIR.basic_restrict,32,16,512,OK,1.072884e-6,511.000000,1379.000000,1602.000000,1406.000000,919.000000,1068.000000,937.000000,0.319600,0.371284,0.364154,0.479401,0.557127,0.546425
FIR.circular,32,16,512,OK,0.834465e-6,511.000000,3887.000000,18860.000000,3945.000000,2591.000000,12573.000000,2630.000000,0.027147,0.131721,0.129785,0.040722,0.197607,0.194677
FIR.circular_restrict,32,16,512,OK,0.834465e-6,511.000000,3887.000000,17052.000000,3942.000000,2591.000000,11368.000000,2628.000000,0.030026,0.131721,0.129883,0.045039,0.197607,0.194825
FIR.opt,32,16,512,OK,1.072884e-6,511.000000,359.000000,441.000000,378.000000,239.000000,294.000000,252.000000,1.160998,1.426184,1.354497,1.741497,2.142259,2.031746
FIR.cmsis,32,16,512,OK,0.715256e-6,511.000000,470.000000,14469.000000,525.000000,313.000000,9646.000000,350.000000,0.035386,1.089362,0.975238,0.053079,1.635783,1.462857
FIR.basic_cache_thrash,32,16,512,OK,1.072884e-6,511.000000,1274.000000,4913.000000,1964.000000,849.000000,3275.000000,1309.000000,0.104213,0.401884,0.260692,0.156336,0.603062,0.391138
FIR.opt_cache_thrash,32,16,512,OK,1.072884e-6,511.000000,386.000000,4829.000000,1274.000000,257.000000,3219.000000,849.000000,0.106026,1.326425,0.401884,0.159056,1.992218,0.603062
FIR.basic,32,32,1024,OK,1.072884e-6,255.000000,2357.000000,76689.000000,2693.000000,1571.000000,51126.000000,1795.000000,0.013353,0.434451,0.380245,0.020029,0.651814,0.570474
FIR.basic_restrict,32,32,1024,OK,1.072884e-6,255.000000,2718.000000,3108.000000,2768.000000,1812.000000,2072.000000,1845.000000,0.329472,0.376748,0.369942,0.494208,0.565121,0.555014
FIR.circular,32,32,1024,OK,0.834465e-6,255.000000,7775.000000,7832.000000,7805.000000,5183.000000,5221.000000,5203.000000,0.130746,0.131704,0.131198,0.196131,0.197569,0.196810
FIR.circular_restrict,32,32,1024,OK,0.834465e-6,255.000000,7773.000000,22218.000000,7859.000000,5182.000000,14812.000000,5239.000000,0.046089,0.131738,0.130296,0.069133,0.197607,0.195457
FIR.opt,32,32,1024,OK,1.072884e-6,255.000000,692.000000,749.000000,705.000000,461.000000,499.000000,470.000000,1.367156,1.479769,1.452482,2.052104,2.221258,2.178723
FIR.cmsis,32,32,1024,OK,0.715256e-6,255.000000,908.000000,1020.000000,941.000000,605.000000,680.000000,627.000000,1.003922,1.127753,1.088204,1.505882,1.692562,1.633174
FIR.basic_cache_thrash,32,32,1024,OK,1.072884e-6,255.000000,2406.000000,4767.000000,3201.000000,1604.000000,3178.000000,2134.000000,0.214810,0.425603,0.319900,0.322215,0.638404,0.479850
FIR.opt_cache_thrash,32,32,1024,OK,1.072884e-6,255.000000,738.000000,4517.000000,1580.000000,492.000000,3011.000000,1053.000000,0.226699,1.387534,0.648101,0.340086,2.081301,0.972460
FIR.basic,32,64,2048,OK,1.072884e-6,127.000000,4655.000000,5292.000000,4752.000000,3103.000000,3528.000000,3168.000000,0.386999,0.439957,0.430976,0.580499,0.660006,0.646465
FIR.basic_restrict,32,64,2048,OK,1.072884e-6,127.000000,5403.000000,5792.000000,5412.000000,3602.000000,3861.000000,3608.000000,0.353591,0.379049,0.378418,0.530433,0.568573,0.567627
FIR.circular,32,64,2048,OK,0.834465e-6,127.000000,15542.000000,29958.000000,15684.000000,10361.000000,19972.000000,10456.000000,0.068362,0.131772,0.130579,0.102544,0.197664,0.195868
FIR.circular_restrict,32,64,2048,OK,0.834465e-6,127.000000,15542.000000,15599.000000,15570.000000,10361.000000,10399.000000,10380.000000,0.131290,0.131772,0.131535,0.196942,0.197664,0.197303
FIR.opt,32,64,2048,OK,1.072884e-6,127.000000,1317.000000,1401.000000,1338.000000,878.000000,934.000000,892.000000,1.461813,1.555049,1.530643,2.192719,2.332574,2.295964
FIR.cmsis,32,64,2048,OK,0.715256e-6,127.000000,1848.000000,1932.000000,1857.000000,1232.000000,1288.000000,1238.000000,1.060041,1.108225,1.102854,1.590062,1.662338,1.654281
FIR.basic_cache_thrash,32,64,2048,OK,1.072884e-6,127.000000,4737.000000,6348.000000,5375.000000,3158.000000,4232.000000,3583.000000,0.322621,0.432341,0.381023,0.483932,0.648512,0.571588
FIR.opt_cache_thrash,32,64,2048,OK,1.072884e-6,127.000000,1433.000000,4182.000000,2445.000000,955.000000,2788.000000,1630.000000,0.489718,1.429170,0.837628,0.734577,2.144503,1.256442
FIR.basic,32,128,4096,OK,1.072884e-6,63.000000,9293.000000,10266.000000,9389.000000,6195.000000,6844.000000,6259.000000,0.398987,0.440762,0.436255,0.598480,0.661178,0.654418
FIR.basic_restrict,32,128,4096,OK,1.072884e-6,63.000000,10737.000000,10932.000000,10767.000000,7158.000000,7288.000000,7178.000000,0.374680,0.381485,0.380422,0.562020,0.572227,0.570633
FIR.circular,32,128,4096,OK,0.834465e-6,63.000000,31098.000000,31154.000000,31124.000000,20732.000000,20769.000000,20749.000000,0.131476,0.131713,0.131603,0.197217,0.197569,0.197407
FIR.circular_restrict,32,128,4096,OK,0.834465e-6,63.000000,31100.000000,31157.000000,31125.000000,20733.000000,20771.000000,20750.000000,0.131463,0.131704,0.131598,0.197198,0.197559,0.197398
FIR.opt,32,128,4096,OK,1.072884e-6,63.000000,2627.000000,2711.000000,2658.000000,1751.000000,1807.000000,1772.000000,1.510882,1.559193,1.541008,2.266741,2.339235,2.311512
FIR.cmsis,32,128,4096,OK,0.715256e-6,63.000000,3627.000000,3740.000000,3668.000000,2418.000000,2493.000000,2445.000000,1.095187,1.129308,1.116685,1.643000,1.693962,1.675256
FIR.basic_cache_thrash,32,128,4096,OK,1.072884e-6,63.000000,9377.000000,10961.000000,9717.000000,6251.000000,7307.000000,6478.000000,0.373689,0.436813,0.421529,0.560558,0.655255,0.632294
FIR.opt_cache_thrash,32,128,4096,OK,1.072884e-6,63.000000,2709.000000,60014.000000,4146.000000,1806.000000,40009.000000,2764.000000,0.068251,1.511997,0.987940,0.102377,2.267996,1.481910
FIR.basic,64,8,512,OK,1.072884e-6,1023.000000,1100.000000,1350.000000,1131.000000,733.000000,900.000000,754.000000,0.379259,0.465455,0.452697,0.568889,0.698499,0.679045
FIR.basic_restrict,64,8,512,OK,1.072884e-6,1023.000000,1266.000000,1350.000000,1287.000000,844.000000,900.000000,858.000000,0.379259,0.404423,0.397824,0.568889,0.606635,0.596737
FIR.circular,64,8,512,OK,0.834465e-6,1023.000000,4098.000000,4155.000000,4107.000000,2732.000000,2770.000000,2738.000000,0.123225,0.124939,0.124665,0.184838,0.187408,0.186998
FIR.circular_restrict,64,8,512,OK,0.834465e-6,1023.000000,4100.000000,15267.000000,4119.000000,2733.000000,10178.000000,2746.000000,0.033536,0.124878,0.124302,0.050305,0.187340,0.186453
FIR.opt,64,8,512,OK,1.072884e-6,1023.000000,293.000000,404.000000,323.000000,195.000000,269.000000,215.000000,1.267327,1.747440,1.585139,1.903346,2.625641,2.381395
FIR.cmsis,64,8,512,OK,0.834465e-6,1023.000000,488.000000,600.000000,500.000000,325.000000,400.000000,333.000000,0.853333,1.049180,1.024000,1.280000,1.575385,1.537538
FIR.basic_cache_thrash,64,8,512,OK,1.072884e-6,1023.000000,1127.000000,4377.000000,1232.000000,751.000000,2918.000000,821.000000,0.116975,0.454303,0.415584,0.175463,0.681758,0.623630
FIR.opt_cache_thrash,64,8,512,OK,1.072884e-6,1023.000000,320.000000,3710.000000,452.000000,213.000000,2473.000000,301.000000,0.138005,1.600000,1.132743,0.207036,2.403756,1.700997
FIR.basic,64,16,1024,OK,1.072884e-6,511.000000,2183.000000,2628.000000,2205.000000,1455.000000,1752.000000,1470.000000,0.389650,0.469079,0.464399,0.584475,0.703780,0.696599
FIR.basic_restrict,64,16,1024,OK,1.072884e-6,511.000000,2489.000000,2573.000000,2493.000000,1659.000000,1715.000000,1662.000000,0.397979,0.411410,0.410750,0.597085,0.617239,0.616125
FIR.circular,64,16,1024,OK,0.834465e-6,511.000000,8205.000000,8235.000000,8208.000000,5470.000000,5490.000000,5472.000000,0.124347,0.124802,0.124756,0.186521,0.187203,0.187135
FIR.circular_restrict,64,16,1024,OK,0.834465e-6,511.000000,8210.000000,8240.000000,8213.000000,5473.000000,5493.000000,5475.000000,0.124272,0.124726,0.124680,0.186419,0.187100,0.187032
FIR.opt,64,16,1024,OK,1.072884e-6,511.000000,572.000000,683.000000,597.000000,381.000000,455.000000,398.000000,1.499268,1.790210,1.715243,2.250550,2.687664,2.572864
FIR.cmsis,64,16,1024,OK,0.834465e-6,511.000000,905.000000,13989.000000,965.000000,603.000000,9326.000000,643.000000,0.073200,1.131492,1.061140,0.109801,1.698176,1.592535
FIR.basic_cache_thrash,64,16,1024,OK,1.072884e-6,511.000000,2211.000000,76571.000000,3152.000000,1474.000000,51047.000000,2101.000000,0.013373,0.463139,0.324873,0.020060,0.694708,0.487387
FIR.opt_cache_thrash,64,16,1024,OK,1.072884e-6,511.000000,627.000000,4850.000000,1398.000000,418.000000,3233.000000,932.000000,0.211134,1.633174,0.732475,0.316734,2.449761,1.098712
FIR.basic,64,32,2048,OK,1.072884e-6,255.000000,4293.000000,79070.000000,4634.000000,2862.000000,52713.000000,3089.000000,0.025901,0.477056,0.441951,0.038852,0.715584,0.662998
FIR.basic_restrict,64,32,2048,OK,1.072884e-6,255.000000,4932.000000,5018.000000,4970.000000,3288.000000,3345.000000,3313.000000,0.408131,0.415247,0.412072,0.612257,0.622871,0.618171
FIR.circular,64,32,2048,OK,0.834465e-6,255.000000,16403.000000,27903.000000,16464.000000,10935.000000,18602.000000,10976.000000,0.073397,0.124855,0.124393,0.110096,0.187289,0.186589
FIR.circular_restrict,64,32,2048,OK,0.834465e-6,255.000000,16404.000000,29933.000000,16473.000000,10936.000000,19955.000000,10982.000000,0.068419,0.124848,0.124325,0.102631,0.187271,0.186487
FIR.opt,64,32,2048,OK,1.072884e-6,255.000000,1127.000000,1212.000000,1154.000000,751.000000,808.000000,769.000000,1.689769,1.817214,1.774697,2.534653,2.727031,2.663199
FIR.cmsis,64,32,2048,OK,0.834465e-6,255.000000,1821.000000,1907.000000,1844.000000,1214.000000,1271.000000,1229.000000,1.073938,1.124657,1.110629,1.611330,1.686985,1.666395
FIR.basic_cache_thrash,64,32,2048,OK,1.072884e-6,255.000000,4350.000000,5988.000000,5000.000000,2900.000000,3992.000000,3333.000000,0.342017,0.470805,0.409600,0.513026,0.706207,0.614461
FIR.opt_cache_thrash,64,32,2048,OK,1.072884e-6,255.000000,1154.000000,5405.000000,2109.000000,769.000000,3603.000000,1406.000000,0.378908,1.774697,0.971076,0.568415,2.663199,1.456614
FIR.basic,64,64,4096,OK,1.072884e-6,127.000000,8543.000000,84126.000000,9228.000000,5695.000000,56084.000000,6152.000000,0.048689,0.479457,0.443866,0.073033,0.719227,0.665800
FIR.basic_restrict,64,64,4096,OK,1.072884e-6,127.000000,9792.000000,9849.000000,9812.000000,6528.000000,6566.000000,6541.000000,0.415880,0.418301,0.417448,0.623820,0.627451,0.626204
FIR.circular,64,64,4096,OK,0.834465e-6,127.000000,32819.000000,32876.000000,32835.000000,21879.000000,21917.000000,21890.000000,0.124589,0.124806,0.124745,0.186887,0.187211,0.187117
FIR.circular_restrict,64,64,4096,OK,0.834465e-6,127.000000,32822.000000,43932.000000,32925.000000,21881.000000,29288.000000,21950.000000,0.093235,0.124794,0.124404,0.139852,0.187194,0.186606
FIR.opt,64,64,4096,OK,1.072884e-6,127.000000,2184.000000,2294.000000,2219.000000,1456.000000,1529.000000,1479.000000,1.785527,1.875458,1.845877,2.678875,2.813187,2.769439
FIR.cmsis,64,64,4096,OK,0.834465e-6,127.000000,3570.000000,3681.000000,3603.000000,2380.000000,2454.000000,2402.000000,1.112741,1.147339,1.136830,1.669112,1.721008,1.705246
FIR.basic_cache_thrash,64,64,4096,OK,1.072884e-6,127.000000,8627.000000,81183.000000,9890.000000,5751.000000,54122.000000,6593.000000,0.050454,0.474788,0.414156,0.075681,0.712224,0.621265
FIR.opt_cache_thrash,64,64,4096,OK,1.072884e-6,127.000000,2265.000000,71652.000000,3762.000000,1510.000000,47768.000000,2508.000000,0.057165,1.808388,1.088783,0.085748,2.712583,1.633174
FIR.basic,64,128,8192,OK,1.072884e-6,63.000000,17072.000000,85488.000000,18213.000000,11381.000000,56992.000000,12142.000000,0.095826,0.479850,0.449789,0.143739,0.719796,0.674683
FIR.basic_restrict,64,128,8192,OK,1.072884e-6,63.000000,19542.000000,19737.000000,19565.000000,13028.000000,13158.000000,13043.000000,0.415058,0.419200,0.418707,0.622587,0.628799,0.628076
FIR.circular,64,128,8192,OK,0.834465e-6,63.000000,65654.000000,65711.000000,65669.000000,43769.000000,43807.000000,43779.000000,0.124667,0.124775,0.124747,0.187002,0.187164,0.187122
FIR.circular_restrict,64,128,8192,OK,0.834465e-6,63.000000,65654.000000,76877.000000,65847.000000,43769.000000,51251.000000,43898.000000,0.106560,0.124775,0.124410,0.159841,0.187164,0.186614
FIR.opt,64,128,8192,OK,1.072884e-6,63.000000,4349.000000,4461.000000,4365.000000,2899.000000,2974.000000,2910.000000,1.836360,1.883651,1.876747,2.754539,2.825802,2.815120
FIR.cmsis,64,128,8192,OK,0.834465e-6,63.000000,7070.000000,7238.000000,7128.000000,4713.000000,4825.000000,4752.000000,1.131804,1.158699,1.149271,1.697824,1.738171,1.723906
FIR.basic_cache_thrash,64,128,8192,OK,1.072884e-6,63.000000,17126.000000,79349.000000,18485.000000,11417.000000,52899.000000,12323.000000,0.103240,0.478337,0.443170,0.154861,0.717526,0.664773
FIR.opt_cache_thrash,64,128,8192,OK,1.072884e-6,63.000000,4404.000000,5988.000000,4988.000000,2936.000000,3992.000000,3325.000000,1.368070,1.860127,1.642342,2.052104,2.790191,2.463759
FIR.basic,128,8,1024,OK,1.192093e-6,1023.000000,2237.000000,2321.000000,2244.000000,1491.000000,1547.000000,1496.000000,0.441189,0.457756,0.456328,0.661926,0.686787,0.684492
FIR.basic_restrict,128,8,1024,OK,1.192093e-6,1023.000000,2514.000000,2571.000000,2543.000000,1676.000000,1714.000000,1695.000000,0.398289,0.407319,0.402674,0.597433,0.610979,0.604130
FIR.circular,128,8,1024,OK,1.072884e-6,1023.000000,8181.000000,19238.000000,8214.000000,5454.000000,12825.000000,5476.000000,0.053228,0.125168,0.124665,0.079844,0.187752,0.186998
FIR.circular_restrict,128,8,1024,OK,1.072884e-6,1023.000000,8183.000000,19239.000000,8216.000000,5455.000000,12826.000000,5477.000000,0.053225,0.125137,0.124635,0.079838,0.187718,0.186964
FIR.opt,128,8,1024,OK,1.192093e-6,1023.000000,543.000000,629.000000,567.000000,362.000000,419.000000,378.000000,1.627981,1.885820,1.805996,2.443914,2.828729,2.708995
FIR.cmsis,128,8,1024,OK,1.072884e-6,1023.000000,960.000000,1073.000000,975.000000,640.000000,715.000000,650.000000,0.954334,1.066667,1.050256,1.432168,1.600000,1.575385
FIR.basic_cache_thrash,128,8,1024,OK,1.192093e-6,1023.000000,2237.000000,56847.000000,2510.000000,1491.000000,37898.000000,1673.000000,0.018013,0.457756,0.407968,0.027020,0.686787,0.612074
FIR.opt_cache_thrash,128,8,1024,OK,1.192093e-6,1023.000000,572.000000,4545.000000,837.000000,381.000000,3030.000000,558.000000,0.225303,1.790210,1.223417,0.337954,2.687664,1.835125
FIR.basic,128,16,2048,OK,1.192093e-6,511.000000,4397.000000,4622.000000,4430.000000,2931.000000,3081.000000,2953.000000,0.443098,0.465772,0.462302,0.664719,0.698738,0.693532
FIR.basic_restrict,128,16,2048,OK,1.192093e-6,511.000000,5045.000000,22266.000000,5121.000000,3363.000000,14844.000000,3414.000000,0.091979,0.405946,0.399922,0.137968,0.608980,0.599883
FIR.circular,128,16,2048,OK,1.072884e-6,511.000000,16376.000000,29931.000000,16451.000000,10917.000000,19954.000000,10967.000000,0.068424,0.125061,0.124491,0.102636,0.187597,0.186742
FIR.circular_restrict,128,16,2048,OK,1.072884e-6,511.000000,16376.000000,30737.000000,16452.000000,10917.000000,20491.000000,10968.000000,0.066630,0.125061,0.124483,0.099946,0.187597,0.186725
FIR.opt,128,16,2048,OK,1.192093e-6,511.000000,1043.000000,1127.000000,1058.000000,695.000000,751.000000,705.000000,1.817214,1.963567,1.935728,2.727031,2.946763,2.904964
FIR.cmsis,128,16,2048,OK,1.072884e-6,511.000000,1848.000000,1905.000000,1875.000000,1232.000000,1270.000000,1250.000000,1.075066,1.108225,1.092267,1.612598,1.662338,1.638400
FIR.basic_cache_thrash,128,16,2048,OK,1.192093e-6,511.000000,4433.000000,55572.000000,5177.000000,2955.000000,37048.000000,3451.000000,0.036853,0.461990,0.395596,0.055280,0.693063,0.593451
FIR.opt_cache_thrash,128,16,2048,OK,1.192093e-6,511.000000,1071.000000,5460.000000,1850.000000,714.000000,3640.000000,1233.000000,0.375092,1.912232,1.107027,0.562637,2.868347,1.660989
FIR.basic,128,32,4096,OK,1.192093e-6,255.000000,8775.000000,9053.000000,8832.000000,5850.000000,6035.000000,5888.000000,0.452447,0.466781,0.463768,0.678708,0.700171,0.695652
FIR.basic_restrict,128,32,4096,OK,1.192093e-6,255.000000,10106.000000,10190.000000,10152.000000,6737.000000,6793.000000,6768.000000,0.401963,0.405304,0.403467,0.602974,0.607986,0.605201
FIR.circular,128,32,4096,OK,1.072884e-6,255.000000,32801.000000,43829.000000,32856.000000,21867.000000,29219.000000,21904.000000,0.093454,0.124874,0.124665,0.140183,0.187314,0.186998
FIR.circular_restrict,128,32,4096,OK,1.072884e-6,255.000000,32801.000000,43802.000000,32858.000000,21867.000000,29201.000000,21905.000000,0.093512,0.124874,0.124658,0.140269,0.187314,0.186989
FIR.opt,128,32,4096,OK,1.192093e-6,255.000000,2025.000000,2165.000000,2045.000000,1350.000000,1443.000000,1363.000000,1.891917,2.022716,2.002934,2.838531,3.034074,3.005136
FIR.cmsis,128,32,4096,OK,1.072884e-6,255.000000,3608.000000,3719.000000,3639.000000,2405.000000,2479.000000,2426.000000,1.101371,1.135255,1.125584,1.652279,1.703119,1.688376
FIR.basic_cache_thrash,128,32,4096,OK,1.192093e-6,255.000000,8829.000000,10469.000000,9503.000000,5886.000000,6979.000000,6335.000000,0.391250,0.463926,0.431022,0.586904,0.695889,0.646567
FIR.opt_cache_thrash,128,32,4096,OK,1.192093e-6,255.000000,2045.000000,7323.000000,2952.000000,1363.000000,4882.000000,1968.000000,0.559334,2.002934,1.387534,0.839000,3.005136,2.081301
FIR.basic,128,64,8192,OK,1.192093e-6,127.000000,17498.000000,84996.000000,18116.000000,11665.000000,56664.000000,12077.000000,0.096381,0.468168,0.452197,0.144572,0.702272,0.678314
FIR.basic_restrict,128,64,8192,OK,1.192093e-6,127.000000,20162.000000,35106.000000,20301.000000,13441.000000,23404.000000,13534.000000,0.233350,0.406309,0.403527,0.350026,0.609478,0.605290
FIR.circular,128,64,8192,OK,1.072884e-6,127.000000,65607.000000,78998.000000,65802.000000,43738.000000,52665.000000,43868.000000,0.103699,0.124865,0.124495,0.155549,0.187297,0.186742
FIR.circular_restrict,128,64,8192,OK,1.072884e-6,127.000000,65606.000000,79050.000000,65718.000000,43737.000000,52700.000000,43812.000000,0.103631,0.124867,0.124654,0.155446,0.187301,0.186981
FIR.opt,128,64,8192,OK,1.192093e-6,127.000000,3941.000000,4025.000000,3957.000000,2627.000000,2683.000000,2638.000000,2.035280,2.078660,2.070255,3.053298,3.118386,3.105383
FIR.cmsis,128,64,8192,OK,1.072884e-6,127.000000,7107.000000,7220.000000,7133.000000,4738.000000,4813.000000,4755.000000,1.134626,1.152666,1.148465,1.702057,1.729000,1.722818
FIR.basic_cache_thrash,128,64,8192,OK,1.192093e-6,127.000000,17552.000000,68745.000000,18659.000000,11701.000000,45830.000000,12439.000000,0.119165,0.466727,0.439037,0.178748,0.700111,0.658574
FIR.opt_cache_thrash,128,64,8192,OK,1.192093e-6,127.000000,4052.000000,5885.000000,4947.000000,2701.000000,3923.000000,3298.000000,1.392014,2.021718,1.655953,2.088198,3.032951,2.483930
FIR.basic,128,128,16384,OK,1.192093e-6,63.000000,34940.000000,35523.000000,35009.000000,23293.000000,23682.000000,23339.000000,0.461222,0.468918,0.467994,0.691833,0.703387,0.702001
FIR.basic_restrict,128,128,16384,OK,1.192093e-6,63.000000,40217.000000,40301.000000,40257.000000,26811.000000,26867.000000,26838.000000,0.406541,0.407390,0.406985,0.609819,0.611092,0.610478
FIR.circular,128,128,16384,OK,1.072884e-6,63.000000,131189.000000,146022.000000,131618.000000,87459.000000,97348.000000,87745.000000,0.112202,0.124889,0.124481,0.168303,0.187333,0.186723
FIR.circular_restrict,128,128,16384,OK,1.072884e-6,63.000000,131189.000000,144384.000000,131591.000000,87459.000000,96256.000000,87727.000000,0.113475,0.124889,0.124507,0.170213,0.187333,0.186761
FIR.opt,128,128,16384,OK,1.192093e-6,63.000000,7776.000000,7916.000000,7814.000000,5184.000000,5277.000000,5209.000000,2.069732,2.106996,2.096749,3.104795,3.160494,3.145325
FIR.cmsis,128,128,16384,OK,1.072884e-6,63.000000,14079.000000,14274.000000,14121.000000,9386.000000,9516.000000,9414.000000,1.147821,1.163719,1.160258,1.721732,1.745579,1.740387
FIR.basic_cache_thrash,128,128,16384,OK,1.192093e-6,63.000000,35025.000000,36414.000000,35442.000000,23350.000000,24276.000000,23628.000000,0.449937,0.467780,0.462276,0.674905,0.701670,0.693415
FIR.opt_cache_thrash,128,128,16384,OK,1.192093e-6,63.000000,7886.000000,9303.000000,8355.000000,5257.000000,6202.000000,5570.000000,1.761152,2.077606,1.960981,2.641728,3.116606,2.941472
FIR.basic,256,8,2048,OK,1.430511e-6,1023.000000,4190.000000,68273.000000,4289.000000,2793.000000,45515.000000,2859.000000,0.029997,0.488783,0.477501,0.044996,0.733262,0.716334
FIR.basic_restrict,256,8,2048,OK,1.430511e-6,1023.000000,4773.000000,15885.000000,4829.000000,3182.000000,10590.000000,3219.000000,0.128927,0.429080,0.424104,0.193390,0.643620,0.636222
FIR.circular,256,8,2048,OK,0.953674e-6,1023.000000,16385.000000,31245.000000,16440.000000,10923.000000,20830.000000,10960.000000,0.065546,0.124992,0.124574,0.098320,0.187494,0.186861
FIR.circular_restrict,256,8,2048,OK,0.953674e-6,1023.000000,16385.000000,29552.000000,16436.000000,10923.000000,19701.000000,10957.000000,0.069302,0.124992,0.124605,0.103954,0.187494,0.186912
FIR.opt,256,8,2048,OK,1.430511e-6,1023.000000,1052.000000,1163.000000,1064.000000,701.000000,775.000000,709.000000,1.760963,1.946768,1.924812,2.642581,2.921541,2.888576
FIR.cmsis,256,8,2048,OK,0.953674e-6,1023.000000,1940.000000,2024.000000,1967.000000,1293.000000,1349.000000,1311.000000,1.011858,1.055670,1.041179,1.518162,1.583913,1.562166
FIR.basic_cache_thrash,256,8,2048,OK,1.430511e-6,1023.000000,4220.000000,6971.000000,4457.000000,2813.000000,4647.000000,2971.000000,0.293789,0.485308,0.459502,0.440714,0.728048,0.689330
FIR.opt_cache_thrash,256,8,2048,OK,1.430511e-6,1023.000000,1052.000000,76272.000000,1439.000000,701.000000,50848.000000,959.000000,0.026851,1.946768,1.423211,0.040277,2.921541,2.135558
FIR.basic,256,16,4096,OK,1.430511e-6,511.000000,8247.000000,81887.000000,8436.000000,5498.000000,54591.000000,5624.000000,0.050020,0.496665,0.485538,0.075031,0.744998,0.728307
FIR.basic_restrict,256,16,4096,OK,1.430511e-6,511.000000,9441.000000,9498.000000,9464.000000,6294.000000,6332.000000,6309.000000,0.431249,0.433852,0.432798,0.646873,0.650779,0.649231
FIR.circular,256,16,4096,OK,0.953674e-6,511.000000,32772.000000,43661.000000,32856.000000,21848.000000,29107.000000,21904.000000,0.093814,0.124985,0.124665,0.140722,0.187477,0.186998
FIR.circular_restrict,256,16,4096,OK,0.953674e-6,511.000000,32774.000000,45996.000000,32862.000000,21849.000000,30664.000000,21908.000000,0.089051,0.124977,0.124642,0.133577,0.187469,0.186964
FIR.opt,256,16,4096,OK,1.430511e-6,511.000000,1968.000000,2079.000000,1997.000000,1312.000000,1386.000000,1331.000000,1.970178,2.081301,2.051077,2.955267,3.121951,3.077385
FIR.cmsis,256,16,4096,OK,0.953674e-6,511.000000,3719.000000,18080.000000,3777.000000,2479.000000,12053.000000,2518.000000,0.226549,1.101371,1.084459,0.339832,1.652279,1.626688
FIR.basic_cache_thrash,256,16,4096,OK,1.430511e-6,511.000000,8276.000000,74414.000000,9221.000000,5517.000000,49609.000000,6147.000000,0.055043,0.494925,0.444203,0.082566,0.742432,0.666341
FIR.opt_cache_thrash,256,16,4096,OK,1.430511e-6,511.000000,2024.000000,6608.000000,2778.000000,1349.000000,4405.000000,1852.000000,0.619855,2.023715,1.474442,0.929852,3.036323,2.211663
FIR.basic,256,32,8192,OK,1.430511e-6,255.000000,16356.000000,60578.000000,16583.000000,10904.000000,40385.000000,11055.000000,0.135231,0.500856,0.494000,0.202848,0.751284,0.741022
FIR.basic_restrict,256,32,8192,OK,1.430511e-6,255.000000,18717.000000,34079.000000,18809.000000,12478.000000,22719.000000,12539.000000,0.240383,0.437677,0.435536,0.360579,0.656515,0.653322
FIR.circular,256,32,8192,OK,0.953674e-6,255.000000,65549.000000,76577.000000,65661.000000,43699.000000,51051.000000,43774.000000,0.106977,0.124975,0.124762,0.160467,0.187464,0.187143
FIR.circular_restrict,256,32,8192,OK,0.953674e-6,255.000000,65552.000000,76497.000000,65705.000000,43701.000000,50998.000000,43803.000000,0.107089,0.124969,0.124678,0.160634,0.187456,0.187019
FIR.opt,256,32,8192,OK,1.430511e-6,255.000000,3776.000000,3915.000000,3818.000000,2517.000000,2610.000000,2545.000000,2.092465,2.169492,2.145626,3.138697,3.254668,3.218861
FIR.cmsis,256,32,8192,OK,0.953674e-6,255.000000,7245.000000,7385.000000,7281.000000,4830.000000,4923.000000,4854.000000,1.109276,1.130711,1.125120,1.664026,1.696066,1.687680
FIR.basic_cache_thrash,256,32,8192,OK,1.430511e-6,255.000000,16385.000000,18275.000000,17156.000000,10923.000000,12183.000000,11437.000000,0.448263,0.499969,0.477501,0.672412,0.749977,0.716272
FIR.opt_cache_thrash,256,32,8192,OK,1.430511e-6,255.000000,3857.000000,5525.000000,4593.000000,2571.000000,3683.000000,3062.000000,1.482715,2.123930,1.783584,2.224274,3.186309,2.675375
FIR.basic,256,64,16384,OK,1.430511e-6,127.000000,32553.000000,96663.000000,33150.000000,21702.000000,64442.000000,22100.000000,0.169496,0.503302,0.494238,0.254244,0.754953,0.741357
FIR.basic_restrict,256,64,16384,OK,1.430511e-6,127.000000,37301.000000,37385.000000,37328.000000,24867.000000,24923.000000,24885.000000,0.438251,0.439238,0.438920,0.657385,0.658865,0.658389
FIR.circular,256,64,16384,OK,0.953674e-6,127.000000,131133.000000,142077.000000,131397.000000,87422.000000,94718.000000,87598.000000,0.115318,0.124942,0.124691,0.172977,0.187413,0.187036
FIR.circular_restrict,256,64,16384,OK,0.953674e-6,127.000000,131133.000000,144689.000000,131417.000000,87422.000000,96459.000000,87611.000000,0.113236,0.124942,0.124672,0.169855,0.187413,0.187008
FIR.opt,256,64,16384,OK,1.430511e-6,127.000000,7413.000000,7526.000000,7445.000000,4942.000000,5017.000000,4963.000000,2.176986,2.210171,2.200672,3.265697,3.315257,3.301229
FIR.cmsis,256,64,16384,OK,0.953674e-6,127.000000,14301.000000,14441.000000,14327.000000,9534.000000,9627.000000,9551.000000,1.134547,1.145654,1.143575,1.701880,1.718481,1.715423
FIR.basic_cache_thrash,256,64,16384,OK,1.430511e-6,127.000000,32606.000000,34691.000000,33210.000000,21737.000000,23127.000000,22140.000000,0.472284,0.502484,0.493345,0.708436,0.753738,0.740018
FIR.opt_cache_thrash,256,64,16384,OK,1.430511e-6,127.000000,7491.000000,9353.000000,8280.000000,4994.000000,6235.000000,5520.000000,1.751737,2.187158,1.978744,2.627747,3.280737,2.968116
FIR.basic,256,128,32768,OK,1.430511e-6,63.000000,64968.000000,65523.000000,65046.000000,43312.000000,43682.000000,43364.000000,0.500099,0.504371,0.503767,0.750149,0.756557,0.755650
FIR.basic_restrict,256,128,32768,OK,1.430511e-6,63.000000,74414.000000,85691.000000,74633.000000,49609.000000,57127.000000,49755.000000,0.382397,0.440347,0.439055,0.573599,0.660525,0.658587
FIR.circular,256,128,32768,OK,0.953674e-6,63.000000,262271.000000,275826.000000,262835.000000,174847.000000,183884.000000,175223.000000,0.118800,0.124939,0.124671,0.178199,0.187410,0.187007
FIR.circular_restrict,256,128,32768,OK,0.953674e-6,63.000000,262269.000000,273159.000000,262619.000000,174846.000000,182106.000000,175079.000000,0.119959,0.124940,0.124774,0.179939,0.187411,0.187161
FIR.opt,256,128,32768,OK,1.430511e-6,63.000000,14690.000000,14802.000000,14717.000000,9793.000000,9868.000000,9811.000000,2.213755,2.230633,2.226541,3.320632,3.346064,3.339925
FIR.cmsis,256,128,32768,OK,0.953674e-6,63.000000,28356.000000,28635.000000,28419.000000,18904.000000,19090.000000,18946.000000,1.144334,1.155593,1.153031,1.716501,1.733390,1.729547
FIR.basic_cache_thrash,256,128,32768,OK,1.430511e-6,63.000000,65051.000000,66551.000000,65336.000000,43367.000000,44367.000000,43557.000000,0.492374,0.503728,0.501531,0.738567,0.755598,0.752302
FIR.opt_cache_thrash,256,128,32768,OK,1.430511e-6,63.000000,14775.000000,16470.000000,15014.000000,9850.000000,10980.000000,10009.000000,1.989557,2.217800,2.182496,2.984335,3.326700,3.273854
FIR.basic,512,8,4096,OK,2.622604e-6,1023.000000,8136.000000,22247.000000,8192.000000,5424.000000,14831.000000,5461.000000,0.184115,0.503442,0.500000,0.276178,0.755162,0.750046
FIR.basic_restrict,512,8,4096,OK,2.622604e-6,1023.000000,9302.000000,20525.000000,9333.000000,6201.000000,13683.000000,6222.000000,0.199562,0.440335,0.438873,0.299350,0.660539,0.658309
FIR.circular,512,8,4096,OK,0.834465e-6,1023.000000,32774.000000,44774.000000,32840.000000,21849.000000,29849.000000,21893.000000,0.091482,0.124977,0.124726,0.137224,0.187469,0.187092
FIR.circular_restrict,512,8,4096,OK,0.834465e-6,1023.000000,32775.000000,43776.000000,32840.000000,21850.000000,29184.000000,21893.000000,0.093567,0.124973,0.124726,0.140351,0.187460,0.187092
FIR.opt,512,8,4096,OK,2.145767e-6,1023.000000,2024.000000,2135.000000,2040.000000,1349.000000,1423.000000,1360.000000,1.918501,2.023715,2.007843,2.878426,3.036323,3.011765
FIR.cmsis,512,8,4096,OK,0.953674e-6,1023.000000,3855.000000,3912.000000,3864.000000,2570.000000,2608.000000,2576.000000,1.047035,1.062516,1.060041,1.570552,1.593774,1.590062
FIR.basic_cache_thrash,512,8,4096,OK,2.622604e-6,1023.000000,8163.000000,49440.000000,8366.000000,5442.000000,32960.000000,5577.000000,0.082848,0.501776,0.489601,0.124272,0.752664,0.734445
FIR.opt_cache_thrash,512,8,4096,OK,2.145767e-6,1023.000000,2025.000000,5052.000000,2213.000000,1350.000000,3368.000000,1475.000000,0.810768,2.022716,1.850881,1.216152,3.034074,2.776949
FIR.basic,512,16,8192,OK,2.622604e-6,511.000000,15996.000000,27525.000000,16058.000000,10664.000000,18350.000000,10705.000000,0.297620,0.512128,0.510151,0.446431,0.768192,0.765250
FIR.basic_restrict,512,16,8192,OK,2.622604e-6,511.000000,18302.000000,29774.000000,18354.000000,12201.000000,19849.000000,12236.000000,0.275139,0.447601,0.446333,0.412716,0.671420,0.669500
FIR.circular,512,16,8192,OK,0.834465e-6,511.000000,65549.000000,76521.000000,65664.000000,43699.000000,51014.000000,43776.000000,0.107056,0.124975,0.124756,0.160583,0.187464,0.187135
FIR.circular_restrict,512,16,8192,OK,0.834465e-6,511.000000,65550.000000,76634.000000,65667.000000,43700.000000,51089.000000,43778.000000,0.106898,0.124973,0.124751,0.160348,0.187460,0.187126
FIR.opt,512,16,8192,OK,2.145767e-6,511.000000,3801.000000,3887.000000,3830.000000,2534.000000,2591.000000,2553.000000,2.107538,2.155222,2.138903,3.161714,3.232833,3.208774
FIR.cmsis,512,16,8192,OK,0.953674e-6,511.000000,7355.000000,7578.000000,7382.000000,4903.000000,5052.000000,4921.000000,1.081024,1.113800,1.109726,1.621536,1.670814,1.664702
FIR.basic_cache_thrash,512,16,8192,OK,2.622604e-6,511.000000,16025.000000,63720.000000,16805.000000,10683.000000,42480.000000,11203.000000,0.128562,0.511201,0.487474,0.192844,0.766826,0.731233
FIR.opt_cache_thrash,512,16,8192,OK,2.145767e-6,511.000000,3858.000000,75413.000000,4697.000000,2572.000000,50275.000000,3131.000000,0.108628,2.123380,1.744092,0.162944,3.185070,2.616416
FIR.basic,512,32,16384,OK,2.622604e-6,255.000000,31692.000000,72275.000000,31922.000000,21128.000000,48183.000000,21281.000000,0.226690,0.516976,0.513251,0.340037,0.775464,0.769889
FIR.basic_restrict,512,32,16384,OK,2.622604e-6,255.000000,36330.000000,47915.000000,36420.000000,24220.000000,31943.000000,24280.000000,0.341939,0.450977,0.449863,0.512914,0.676466,0.674794
FIR.circular,512,32,16384,OK,0.834465e-6,255.000000,131105.000000,142050.000000,131358.000000,87403.000000,94700.000000,87572.000000,0.115340,0.124969,0.124728,0.173009,0.187454,0.187092
FIR.circular_restrict,512,32,16384,OK,0.834465e-6,255.000000,131105.000000,144689.000000,131369.000000,87403.000000,96459.000000,87579.000000,0.113236,0.124969,0.124717,0.169855,0.187454,0.187077
FIR.opt,512,32,16384,OK,2.145767e-6,255.000000,7329.000000,7442.000000,7356.000000,4886.000000,4961.000000,4904.000000,2.201559,2.235503,2.227298,3.302560,3.353254,3.340946
FIR.cmsis,512,32,16384,OK,0.953674e-6,255.000000,14357.000000,28218.000000,14438.000000,9571.000000,18812.000000,9625.000000,0.580622,1.141186,1.134783,0.870933,1.711838,1.702234
FIR.basic_cache_thrash,512,32,16384,OK,2.622604e-6,255.000000,31748.000000,74525.000000,32456.000000,21165.000000,49683.000000,21637.000000,0.219846,0.516064,0.504807,0.329771,0.774108,0.757221
FIR.opt_cache_thrash,512,32,16384,OK,2.145767e-6,255.000000,7407.000000,9351.000000,8156.000000,4938.000000,6234.000000,5437.000000,1.752112,2.211962,2.008828,2.628168,3.317942,3.013427
FIR.basic,512,64,32768,OK,2.622604e-6,127.000000,63135.000000,75137.000000,63314.000000,42090.000000,50091.000000,42209.000000,0.436110,0.519015,0.517547,0.654169,0.778522,0.776327
FIR.basic_restrict,512,64,32768,OK,2.622604e-6,127.000000,72411.000000,105051.000000,72785.000000,48274.000000,70034.000000,48523.000000,0.311925,0.452528,0.450203,0.467887,0.678792,0.675309
FIR.circular,512,64,32768,OK,0.834465e-6,127.000000,262214.000000,272631.000000,262623.000000,174809.000000,181754.000000,175082.000000,0.120192,0.124967,0.124772,0.180288,0.187450,0.187158
FIR.circular_restrict,512,64,32768,OK,0.834465e-6,127.000000,262214.000000,272882.000000,262619.000000,174809.000000,181921.000000,175079.000000,0.120081,0.124967,0.124774,0.180122,0.187450,0.187161
FIR.opt,512,64,32768,OK,2.145767e-6,127.000000,14355.000000,14439.000000,14391.000000,9570.000000,9626.000000,9594.000000,2.269409,2.282689,2.276979,3.404114,3.424033,3.415468
FIR.cmsis,512,64,32768,OK,0.953674e-6,127.000000,28329.000000,28496.000000,28376.000000,18886.000000,18997.000000,18917.000000,1.149916,1.156695,1.154779,1.724904,1.735042,1.732199
FIR.basic_cache_thrash,512,64,32768,OK,2.622604e-6,127.000000,63188.000000,96798.000000,63920.000000,42125.000000,64532.000000,42613.000000,0.338519,0.518579,0.512641,0.507779,0.777875,0.768967
FIR.opt_cache_thrash,512,64,32768,OK,2.145767e-6,127.000000,14441.000000,57606.000000,15734.000000,9627.000000,38404.000000,10489.000000,0.568830,2.269095,2.082624,0.853244,3.403760,3.124035
FIR.basic,512,128,65536,OK,2.622604e-6,63.000000,125996.000000,175050.000000,127022.000000,83997.000000,116700.000000,84681.000000,0.374384,0.520144,0.515942,0.561577,0.780218,0.773916
FIR.basic_restrict,512,128,65536,OK,2.622604e-6,63.000000,144521.000000,158939.000000,144966.000000,96347.000000,105959.000000,96644.000000,0.412334,0.453470,0.452078,0.618503,0.680208,0.678118
FIR.circular,512,128,65536,OK,0.834465e-6,63.000000,524406.000000,537212.000000,525449.000000,349604.000000,358141.000000,350299.000000,0.121993,0.124972,0.124724,0.182989,0.187458,0.187086
FIR.circular_restrict,512,128,65536,OK,0.834465e-6,63.000000,524406.000000,537713.000000,525455.000000,349604.000000,358475.000000,350303.000000,0.121879,0.124972,0.124722,0.182819,0.187458,0.187084
FIR.opt,512,128,65536,OK,2.145767e-6,63.000000,28467.000000,41106.000000,28697.000000,18978.000000,27404.000000,19131.000000,1.594317,2.302174,2.283723,2.391476,3.453262,3.425644
FIR.cmsis,512,128,65536,OK,0.953674e-6,63.000000,56303.000000,71496.000000,56619.000000,37535.000000,47664.000000,37746.000000,0.916639,1.163988,1.157491,1.374958,1.745997,1.736237
FIR.basic_cache_thrash,512,128,65536,OK,2.622604e-6,63.000000,126078.000000,149772.000000,126999.000000,84052.000000,99848.000000,84666.000000,0.437572,0.519805,0.516036,0.656358,0.779708,0.774053
FIR.opt_cache_thrash,512,128,65536,OK,2.145767e-6,63.000000,28551.000000,29997.000000,28944.000000,19034.000000,19998.000000,19296.000000,2.184752,2.295401,2.264234,3.277128,3.443102,3.396352
FIR.basic,1024,8,8192,OK,2.384186e-6,1023.000000,16023.000000,53412.000000,16110.000000,10682.000000,35608.000000,10740.000000,0.153374,0.511265,0.508504,0.230061,0.766898,0.762756
FIR.basic_restrict,1024,8,8192,OK,2.384186e-6,1023.000000,18303.000000,32442.000000,18374.000000,12202.000000,21628.000000,12249.000000,0.252512,0.447577,0.445847,0.378768,0.671365,0.668789
FIR.circular,1024,8,8192,OK,0.953674e-6,1023.000000,65552.000000,80247.000000,65672.000000,43701.000000,53498.000000,43781.000000,0.102085,0.124969,0.124741,0.153127,0.187456,0.187113
FIR.circular_restrict,1024,8,8192,OK,0.953674e-6,1023.000000,65549.000000,76383.000000,65664.000000,43699.000000,50922.000000,43776.000000,0.107249,0.124975,0.124756,0.160873,0.187464,0.187135
FIR.opt,1024,8,8192,OK,2.503395e-6,1023.000000,4023.000000,4136.000000,4056.000000,2682.000000,2757.000000,2704.000000,1.980658,2.036291,2.019724,2.971346,3.054437,3.029586
FIR.cmsis,1024,8,8192,OK,0.953674e-6,1023.000000,7637.000000,19220.000000,7671.000000,5091.000000,12813.000000,5114.000000,0.426223,1.072672,1.067918,0.639351,1.609114,1.601877
FIR.basic_cache_thrash,1024,8,8192,OK,2.384186e-6,1023.000000,16053.000000,63776.000000,16355.000000,10702.000000,42517.000000,10903.000000,0.128450,0.510310,0.500887,0.192676,0.765464,0.751353
FIR.opt_cache_thrash,1024,8,8192,OK,2.503395e-6,1023.000000,4080.000000,105663.000000,4361.000000,2720.000000,70442.000000,2907.000000,0.077530,2.007843,1.878468,0.116294,3.011765,2.818025
FIR.basic,1024,16,16384,OK,2.384186e-6,511.000000,31406.000000,43545.000000,31586.000000,20937.000000,29030.000000,21057.000000,0.376254,0.521684,0.518711,0.564382,0.782538,0.778079
FIR.basic_restrict,1024,16,16384,OK,2.384186e-6,511.000000,36023.000000,52941.000000,36141.000000,24015.000000,35294.000000,24094.000000,0.309477,0.454821,0.453336,0.464215,0.682240,0.680003
FIR.circular,1024,16,16384,OK,0.953674e-6,511.000000,131076.000000,141993.000000,131319.000000,87384.000000,94662.000000,87546.000000,0.115386,0.124996,0.124765,0.173079,0.187494,0.187147
FIR.circular_restrict,1024,16,16384,OK,0.953674e-6,511.000000,131078.000000,144273.000000,131345.000000,87385.000000,96182.000000,87563.000000,0.113562,0.124994,0.124740,0.170344,0.187492,0.187111
FIR.opt,1024,16,16384,OK,2.503395e-6,511.000000,7551.000000,20247.000000,7602.000000,5034.000000,13498.000000,5068.000000,0.809206,2.169779,2.155222,1.213809,3.254668,3.232833
FIR.cmsis,1024,16,16384,OK,0.953674e-6,511.000000,14607.000000,27441.000000,14696.000000,9738.000000,18294.000000,9797.000000,0.597063,1.121654,1.114861,0.895594,1.682481,1.672349
FIR.basic_cache_thrash,1024,16,16384,OK,2.384186e-6,511.000000,31524.000000,76106.000000,32390.000000,21016.000000,50737.000000,21593.000000,0.215279,0.519731,0.505835,0.322920,0.779597,0.758764
FIR.opt_cache_thrash,1024,16,16384,OK,2.503395e-6,511.000000,7608.000000,55413.000000,8348.000000,5072.000000,36942.000000,5565.000000,0.295671,2.153522,1.962626,0.443506,3.230284,2.944115
FIR.basic,1024,32,32768,OK,2.384186e-6,255.000000,62379.000000,75380.000000,62637.000000,41586.000000,50253.000000,41758.000000,0.434704,0.525305,0.523141,0.652061,0.787957,0.784712
FIR.basic_restrict,1024,32,32768,OK,2.384186e-6,255.000000,71525.000000,86997.000000,71723.000000,47683.000000,57998.000000,47815.000000,0.376657,0.458134,0.456869,0.564985,0.687205,0.685308
FIR.circular,1024,32,32768,OK,0.953674e-6,255.000000,262157.000000,273213.000000,262629.000000,174771.000000,182142.000000,175086.000000,0.119936,0.124994,0.124769,0.179904,0.187491,0.187154
FIR.circular_restrict,1024,32,32768,OK,0.953674e-6,255.000000,262160.000000,275772.000000,262641.000000,174773.000000,183848.000000,175094.000000,0.118823,0.124992,0.124763,0.178234,0.187489,0.187145
FIR.opt,1024,32,32768,OK,2.503395e-6,255.000000,14523.000000,25914.000000,14621.000000,9682.000000,17276.000000,9747.000000,1.264490,2.256283,2.241160,1.896735,3.384425,3.361855
FIR.cmsis,1024,32,32768,OK,0.953674e-6,255.000000,28551.000000,42969.000000,28668.000000,19034.000000,28646.000000,19112.000000,0.762596,1.147701,1.143017,1.143894,1.721551,1.714525
FIR.basic_cache_thrash,1024,32,32768,OK,2.384186e-6,255.000000,62441.000000,100689.000000,63254.000000,41627.000000,67126.000000,42169.000000,0.325438,0.524783,0.518038,0.488157,0.787181,0.777064
FIR.opt_cache_thrash,1024,32,32768,OK,2.503395e-6,255.000000,14630.000000,61214.000000,15569.000000,9753.000000,40809.000000,10379.000000,0.535302,2.239781,2.104695,0.802960,3.359787,3.157144
FIR.basic,1024,64,65536,OK,2.384186e-6,127.000000,124293.000000,136377.000000,124724.000000,82862.000000,90918.000000,83149.000000,0.480550,0.527270,0.525448,0.720825,0.790905,0.788175
FIR.basic_restrict,1024,64,65536,OK,2.384186e-6,127.000000,142523.000000,157662.000000,142871.000000,95015.000000,105108.000000,95247.000000,0.415674,0.459828,0.458708,0.623511,0.689744,0.688064
FIR.circular,1024,64,65536,OK,0.953674e-6,127.000000,524351.000000,536295.000000,525267.000000,349567.000000,357530.000000,350178.000000,0.122201,0.124985,0.124767,0.183302,0.187478,0.187151
FIR.circular_restrict,1024,64,65536,OK,0.953674e-6,127.000000,524349.000000,538322.000000,525353.000000,349566.000000,358881.000000,350235.000000,0.121741,0.124985,0.124747,0.182612,0.187478,0.187120
FIR.opt,1024,64,65536,OK,2.503395e-6,127.000000,28497.000000,54300.000000,28758.000000,18998.000000,36200.000000,19172.000000,1.206924,2.299751,2.278879,1.810387,3.449626,3.418318
FIR.cmsis,1024,64,65536,OK,0.953674e-6,127.000000,56412.000000,69495.000000,56615.000000,37608.000000,46330.000000,37743.000000,0.943032,1.161739,1.157573,1.414548,1.742608,1.736375
FIR.basic_cache_thrash,1024,64,65536,OK,2.384186e-6,127.000000,124410.000000,147356.000000,125492.000000,82940.000000,98237.000000,83661.000000,0.444746,0.526774,0.522232,0.667121,0.790162,0.783352
FIR.opt_cache_thrash,1024,64,65536,OK,2.503395e-6,127.000000,28608.000000,30554.000000,29393.000000,19072.000000,20369.000000,19595.000000,2.144924,2.290828,2.229646,3.217438,3.436242,3.344527
FIR.basic,1024,128,131072,OK,2.384186e-6,63.000000,248216.000000,283325.000000,249350.000000,165477.000000,188883.000000,166233.000000,0.462621,0.528056,0.525655,0.693932,0.792086,0.788484
FIR.basic_restrict,1024,128,131072,OK,2.384186e-6,63.000000,284493.000000,299049.000000,285108.000000,189662.000000,199366.000000,190072.000000,0.438296,0.460721,0.459728,0.657444,0.691082,0.689591
FIR.circular,1024,128,131072,OK,0.953674e-6,63.000000,1048673.000000,1059618.000000,1050497.000000,699115.000000,706412.000000,700331.000000,0.123697,0.124988,0.124771,0.185546,0.187483,0.187157
FIR.circular_restrict,1024,128,131072,OK,0.953674e-6,63.000000,1048676.000000,1059119.000000,1050480.000000,699117.000000,706079.000000,700320.000000,0.123756,0.124988,0.124773,0.185634,0.187482,0.187160
FIR.opt,1024,128,131072,OK,2.503395e-6,63.000000,56471.000000,69386.000000,56735.000000,37647.000000,46257.000000,37823.000000,1.889027,2.321050,2.310249,2.833560,3.481606,3.465405
FIR.cmsis,1024,128,131072,OK,0.953674e-6,63.000000,112134.000000,126551.000000,112569.000000,74756.000000,84367.000000,75046.000000,1.035725,1.168887,1.164370,1.553593,1.753331,1.746555
FIR.basic_cache_thrash,1024,128,131072,OK,2.384186e-6,63.000000,248411.000000,262272.000000,249609.000000,165607.000000,174848.000000,166406.000000,0.499756,0.527642,0.525109,0.749634,0.791464,0.787664
FIR.opt_cache_thrash,1024,128,131072,OK,2.503395e-6,63.000000,56579.000000,95774.000000,57893.000000,37719.000000,63849.000000,38595.000000,1.368555,2.316619,2.264039,2.052843,3.474960,3.396088
FIR.basic,2048,8,16384,OK,4.410744e-6,1023.000000,31718.000000,43913.000000,31832.000000,21145.000000,29275.000000,21221.000000,0.373101,0.516552,0.514702,0.559658,0.774840,0.772065
FIR.basic_restrict,2048,8,16384,OK,4.410744e-6,1023.000000,36273.000000,47856.000000,36390.000000,24182.000000,31904.000000,24260.000000,0.342360,0.451686,0.450234,0.513541,0.677529,0.675350
FIR.circular,2048,8,16384,OK,1.072884e-6,1023.000000,131078.000000,145827.000000,131328.000000,87385.000000,97218.000000,87552.000000,0.112352,0.124994,0.124756,0.168528,0.187492,0.187135
FIR.circular_restrict,2048,8,16384,OK,1.072884e-6,1023.000000,131079.000000,143940.000000,131328.000000,87386.000000,95960.000000,87552.000000,0.113825,0.124993,0.124756,0.170738,0.187490,0.187135
FIR.opt,2048,8,16384,OK,5.125999e-6,1023.000000,7914.000000,21330.000000,7989.000000,5276.000000,14220.000000,5326.000000,0.768120,2.070255,2.050820,1.152180,3.105383,3.076230
FIR.cmsis,2048,8,16384,OK,0.953674e-6,1023.000000,15219.000000,28886.000000,15285.000000,10146.000000,19257.000000,10190.000000,0.567195,1.076549,1.071901,0.850807,1.614824,1.607851
FIR.basic_cache_thrash,2048,8,16384,OK,4.410744e-6,1023.000000,31886.000000,75078.000000,32351.000000,21257.000000,50052.000000,21567.000000,0.218226,0.513831,0.506445,0.327340,0.770758,0.759679
FIR.opt_cache_thrash,2048,8,16384,OK,5.125999e-6,1023.000000,8108.000000,58857.000000,8507.000000,5405.000000,39238.000000,5671.000000,0.278370,2.020720,1.925943,0.417554,3.031267,2.889085
FIR.basic,2048,16,32768,OK,4.410744e-6,511.000000,62412.000000,130383.000000,62748.000000,41608.000000,86922.000000,41832.000000,0.251321,0.525027,0.522216,0.376982,0.787541,0.783324
FIR.basic_restrict,2048,16,32768,OK,4.410744e-6,511.000000,71495.000000,86079.000000,71666.000000,47663.000000,57386.000000,47777.000000,0.380674,0.458326,0.457232,0.571010,0.687493,0.685853
FIR.circular,2048,16,32768,OK,1.072884e-6,511.000000,262155.000000,274740.000000,262619.000000,174770.000000,183160.000000,175079.000000,0.119269,0.124995,0.124774,0.178904,0.187492,0.187161
FIR.circular_restrict,2048,16,32768,OK,1.072884e-6,511.000000,262160.000000,273411.000000,262622.000000,174773.000000,182274.000000,175081.000000,0.119849,0.124992,0.124772,0.179773,0.187489,0.187159
FIR.opt,2048,16,32768,OK,5.125999e-6,511.000000,14859.000000,26109.000000,14936.000000,9906.000000,17406.000000,9957.000000,1.255046,2.205263,2.193894,1.882569,3.307894,3.290951
FIR.cmsis,2048,16,32768,OK,0.953674e-6,511.000000,29163.000000,42387.000000,29312.000000,19442.000000,28258.000000,19541.000000,0.773067,1.123616,1.117904,1.159601,1.685423,1.676885
FIR.basic_cache_thrash,2048,16,32768,OK,4.410744e-6,511.000000,62553.000000,100469.000000,63612.000000,41702.000000,66979.000000,42408.000000,0.326150,0.523844,0.515123,0.489228,0.785766,0.772684
FIR.opt_cache_thrash,2048,16,32768,OK,5.125999e-6,511.000000,15080.000000,80498.000000,15653.000000,10053.000000,53665.000000,10435.000000,0.407066,2.172944,2.093401,0.610603,3.259525,3.140201
FIR.basic,2048,32,65536,OK,4.410744e-6,255.000000,123822.000000,135602.000000,124137.000000,82548.000000,90401.000000,82758.000000,0.483297,0.529276,0.527933,0.724948,0.793914,0.791899
FIR.basic_restrict,2048,32,65536,OK,4.410744e-6,255.000000,141936.000000,153605.000000,142265.000000,94624.000000,102403.000000,94843.000000,0.426653,0.461729,0.460661,0.639981,0.692594,0.690995
FIR.circular,2048,32,65536,OK,1.072884e-6,255.000000,524321.000000,539043.000000,525287.000000,349547.000000,359362.000000,350191.000000,0.121578,0.124992,0.124762,0.182368,0.187488,0.187144
FIR.circular_restrict,2048,32,65536,OK,1.072884e-6,255.000000,524321.000000,537294.000000,525233.000000,349547.000000,358196.000000,350155.000000,0.121974,0.124992,0.124775,0.182961,0.187488,0.187163
FIR.opt,2048,32,65536,OK,5.125999e-6,255.000000,28691.000000,40496.000000,28814.000000,19127.000000,26997.000000,19209.000000,1.618333,2.284201,2.274450,2.427529,3.426361,3.411734
FIR.cmsis,2048,32,65536,OK,0.953674e-6,255.000000,56967.000000,68606.000000,57194.000000,37978.000000,45737.000000,38129.000000,0.955252,1.150420,1.145854,1.432888,1.725631,1.718797
FIR.basic_cache_thrash,2048,32,65536,OK,4.410744e-6,255.000000,123968.000000,155439.000000,124997.000000,82645.000000,103626.000000,83331.000000,0.421619,0.528653,0.524301,0.632428,0.792982,0.786454
FIR.opt_cache_thrash,2048,32,65536,OK,5.125999e-6,255.000000,28940.000000,79691.000000,29726.000000,19293.000000,53127.000000,19817.000000,0.822376,2.264547,2.204669,1.233572,3.396880,3.307060
FIR.basic,2048,64,131072,OK,4.410744e-6,127.000000,246578.000000,290439.000000,247499.000000,164385.000000,193626.000000,164999.000000,0.451289,0.531564,0.529586,0.676934,0.797348,0.794381
FIR.basic_restrict,2048,64,131072,OK,4.410744e-6,127.000000,283325.000000,295271.000000,284018.000000,188883.000000,196847.000000,189345.000000,0.443904,0.462621,0.461492,0.665857,0.693932,0.692239
FIR.circular,2048,64,131072,OK,1.072884e-6,127.000000,1048619.000000,1059314.000000,1050438.000000,699079.000000,706209.000000,700292.000000,0.123733,0.124995,0.124778,0.185599,0.187492,0.187168
FIR.circular_restrict,2048,64,131072,OK,1.072884e-6,127.000000,1048619.000000,1062065.000000,1050533.000000,699079.000000,708043.000000,700355.000000,0.123412,0.124995,0.124767,0.185119,0.187492,0.187151
FIR.opt,2048,64,131072,OK,5.125999e-6,127.000000,56274.000000,69470.000000,56442.000000,37516.000000,46313.000000,37628.000000,1.886742,2.329175,2.322242,2.830134,3.493763,3.483363
FIR.cmsis,2048,64,131072,OK,0.953674e-6,127.000000,112662.000000,124718.000000,113000.000000,75108.000000,83145.000000,75333.000000,1.050947,1.163409,1.159929,1.576427,1.745114,1.739902
FIR.basic_cache_thrash,2048,64,131072,OK,4.410744e-6,127.000000,246771.000000,263132.000000,248048.000000,164514.000000,175421.000000,165365.000000,0.498123,0.531148,0.528414,0.747185,0.796722,0.792622
FIR.opt_cache_thrash,2048,64,131072,OK,5.125999e-6,127.000000,56523.000000,120078.000000,57738.000000,37682.000000,80052.000000,38492.000000,1.091557,2.318914,2.270117,1.637336,3.478372,3.405175
FIR.basic,2048,128,262144,OK,4.410744e-6,63.000000,492158.000000,534156.000000,493823.000000,328105.000000,356104.000000,329215.000000,0.490763,0.532642,0.530846,0.736144,0.798964,0.796270
FIR.basic_restrict,2048,128,262144,OK,4.410744e-6,63.000000,567294.000000,579434.000000,568518.000000,378196.000000,386289.000000,379012.000000,0.452414,0.462095,0.461101,0.678621,0.693143,0.691651
FIR.circular,2048,128,262144,OK,1.072884e-6,63.000000,2097245.000000,2107773.000000,2100882.000000,1398163.000000,1405182.000000,1400588.000000,0.124370,0.124994,0.124778,0.186555,0.187492,0.187167
FIR.circular_restrict,2048,128,262144,OK,1.072884e-6,63.000000,2097245.000000,2109273.000000,2100948.000000,1398163.000000,1406182.000000,1400632.000000,0.124282,0.124994,0.124774,0.186423,0.187492,0.187161
FIR.opt,2048,128,262144,OK,5.125999e-6,63.000000,111468.000000,124775.000000,111762.000000,74312.000000,83183.000000,74508.000000,2.100934,2.351742,2.345556,3.151413,3.527613,3.518334
FIR.cmsis,2048,128,262144,OK,0.953674e-6,63.000000,223883.000000,235856.000000,224582.000000,149255.000000,157237.000000,149721.000000,1.111458,1.170897,1.167253,1.667190,1.756350,1.750883
FIR.basic_cache_thrash,2048,128,262144,OK,4.410744e-6,63.000000,492380.000000,505740.000000,493647.000000,328253.000000,337160.000000,329098.000000,0.518337,0.532402,0.531035,0.777506,0.798604,0.796553
FIR.opt_cache_thrash,2048,128,262144,OK,5.125999e-6,63.000000,111857.000000,137885.000000,112712.000000,74571.000000,91923.000000,75141.000000,1.901178,2.343564,2.325786,2.851778,3.515361,3.488695
FIR.basic,4096,8,32768,OK,4.768372e-6,1023.000000,63657.000000,76407.000000,64109.000000,42438.000000,50938.000000,42739.000000,0.428861,0.514759,0.511129,0.643292,0.772138,0.766700
FIR.basic_restrict,4096,8,32768,OK,4.768372e-6,1023.000000,73191.000000,89775.000000,73674.000000,48794.000000,59850.000000,49116.000000,0.365001,0.447705,0.444770,0.547502,0.671558,0.667155
FIR.circular,4096,8,32768,OK,0.953674e-6,1023.000000,262187.000000,299214.000000,262788.000000,174791.000000,199476.000000,175192.000000,0.109514,0.124979,0.124694,0.164270,0.187470,0.187041
FIR.circular_restrict,4096,8,32768,OK,0.953674e-6,1023.000000,262188.000000,273188.000000,262698.000000,174792.000000,182125.000000,175132.000000,0.119947,0.124979,0.124736,0.179920,0.187469,0.187105
FIR.opt,4096,8,32768,OK,4.649162e-6,1023.000000,16053.000000,31191.000000,16236.000000,10702.000000,20794.000000,10824.000000,1.050559,2.041238,2.018231,1.575839,3.061858,3.027347
FIR.cmsis,4096,8,32768,OK,0.953674e-6,1023.000000,30551.000000,43967.000000,30716.000000,20367.000000,29311.000000,20477.000000,0.745286,1.072567,1.066806,1.117942,1.608877,1.600234
FIR.basic_cache_thrash,4096,8,32768,OK,4.768372e-6,1023.000000,64079.000000,106106.000000,64860.000000,42719.000000,70737.000000,43240.000000,0.308823,0.511369,0.505211,0.463237,0.767059,0.757817
FIR.opt_cache_thrash,4096,8,32768,OK,4.649162e-6,1023.000000,16580.000000,58272.000000,20054.000000,11053.000000,38848.000000,13369.000000,0.562328,1.976357,1.633988,0.843493,2.964625,2.451043
FIR.basic,4096,16,65536,OK,4.768372e-6,511.000000,125162.000000,138606.000000,125988.000000,83441.000000,92404.000000,83992.000000,0.472822,0.523609,0.520177,0.709233,0.785417,0.780265
FIR.basic_restrict,4096,16,65536,OK,4.768372e-6,511.000000,144051.000000,161357.000000,144959.000000,96034.000000,107571.000000,96639.000000,0.406155,0.454950,0.452100,0.609235,0.682425,0.678153
FIR.circular,4096,16,65536,OK,0.953674e-6,511.000000,524351.000000,535739.000000,525299.000000,349567.000000,357159.000000,350199.000000,0.122328,0.124985,0.124759,0.183493,0.187478,0.187139
FIR.circular_restrict,4096,16,65536,OK,0.953674e-6,511.000000,524351.000000,537102.000000,525302.000000,349567.000000,358068.000000,350201.000000,0.122018,0.124985,0.124759,0.183027,0.187478,0.187138
FIR.opt,4096,16,65536,OK,4.649162e-6,511.000000,29997.000000,51470.000000,30225.000000,19998.000000,34313.000000,20150.000000,1.273285,2.184752,2.168271,1.909947,3.277128,3.252407
FIR.cmsis,4096,16,65536,OK,0.953674e-6,511.000000,58412.000000,70247.000000,58667.000000,38941.000000,46831.000000,39111.000000,0.932937,1.121961,1.117085,1.399415,1.682956,1.675641
FIR.basic_cache_thrash,4096,16,65536,OK,4.768372e-6,511.000000,125469.000000,152190.000000,127049.000000,83646.000000,101460.000000,84699.000000,0.430620,0.522328,0.515832,0.645929,0.783492,0.773752
FIR.opt_cache_thrash,4096,16,65536,OK,4.649162e-6,511.000000,30771.000000,70743.000000,34571.000000,20514.000000,47162.000000,23047.000000,0.926396,2.129797,1.895693,1.389593,3.194696,2.843580
FIR.basic,4096,32,131072,OK,4.768372e-6,255.000000,247994.000000,282575.000000,249621.000000,165329.000000,188383.000000,166414.000000,0.463849,0.528529,0.525084,0.695774,0.792795,0.787626
FIR.basic_restrict,4096,32,131072,OK,4.768372e-6,255.000000,285770.000000,301965.000000,287649.000000,190513.000000,201310.000000,191766.000000,0.434064,0.458663,0.455666,0.651095,0.687995,0.683500
FIR.circular,4096,32,131072,OK,0.953674e-6,255.000000,1048646.000000,1061147.000000,1050540.000000,699097.000000,707431.000000,700360.000000,0.123519,0.124992,0.124766,0.185279,0.187488,0.187149
FIR.circular_restrict,4096,32,131072,OK,0.953674e-6,255.000000,1048647.000000,1061619.000000,1050539.000000,699098.000000,707746.000000,700359.000000,0.123464,0.124992,0.124766,0.185196,0.187487,0.187150
FIR.opt,4096,32,131072,OK,4.649162e-6,255.000000,57662.000000,70440.000000,58002.000000,38441.000000,46960.000000,38668.000000,1.860761,2.273109,2.259784,2.791142,3.409693,3.389676
FIR.cmsis,4096,32,131072,OK,0.953674e-6,255.000000,114105.000000,126440.000000,114533.000000,76070.000000,84293.000000,76355.000000,1.036634,1.148696,1.144404,1.554957,1.723045,1.716613
FIR.basic_cache_thrash,4096,32,131072,OK,4.768372e-6,255.000000,248355.000000,266994.000000,250698.000000,165570.000000,177996.000000,167132.000000,0.490917,0.527761,0.522828,0.736376,0.791641,0.784242
FIR.opt_cache_thrash,4096,32,131072,OK,4.649162e-6,255.000000,61748.000000,93497.000000,62754.000000,41165.000000,62331.000000,41836.000000,1.401885,2.122692,2.088664,2.102838,3.184064,3.132996
FIR.basic,4096,64,262144,OK,4.768372e-6,127.000000,494513.000000,513846.000000,497244.000000,329675.000000,342564.000000,331496.000000,0.510161,0.530105,0.527194,0.765241,0.795159,0.790791
FIR.basic_restrict,4096,64,262144,OK,4.768372e-6,127.000000,569931.000000,586737.000000,572864.000000,379954.000000,391158.000000,381909.000000,0.446783,0.459957,0.457603,0.670174,0.689936,0.686404
FIR.circular,4096,64,262144,OK,0.953674e-6,127.000000,2097215.000000,2111216.000000,2101053.000000,1398143.000000,1407477.000000,1400702.000000,0.124167,0.124996,0.124768,0.186251,0.187494,0.187152
FIR.circular_restrict,4096,64,262144,OK,0.953674e-6,127.000000,2097245.000000,2108384.000000,2100957.000000,1398163.000000,1405589.000000,1400638.000000,0.124334,0.124994,0.124774,0.186501,0.187492,0.187160
FIR.opt,4096,64,262144,OK,4.649162e-6,127.000000,113049.000000,125688.000000,113609.000000,75366.000000,83792.000000,75739.000000,2.085672,2.318853,2.307423,3.128509,3.478279,3.461149
FIR.cmsis,4096,64,262144,OK,0.953674e-6,127.000000,225494.000000,239105.000000,226247.000000,150329.000000,159403.000000,150831.000000,1.096355,1.162532,1.158663,1.644536,1.743802,1.737998
FIR.basic_cache_thrash,4096,64,262144,OK,4.768372e-6,127.000000,495015.000000,510042.000000,497997.000000,330010.000000,340028.000000,331998.000000,0.513965,0.529568,0.526397,0.770948,0.794352,0.789595
FIR.opt_cache_thrash,4096,64,262144,OK,4.649162e-6,127.000000,117051.000000,149634.000000,118349.000000,78034.000000,99756.000000,78899.000000,1.751901,2.239571,2.215008,2.627852,3.359356,3.322526
FIR.basic,4096,128,524288,OK,4.768372e-6,63.000000,987288.000000,1003370.000000,991404.000000,658192.000000,668913.000000,660936.000000,0.522527,0.531039,0.528834,0.783791,0.796558,0.793251
FIR.basic_restrict,4096,128,524288,OK,4.768372e-6,63.000000,1138758.000000,1155174.000000,1144385.000000,759172.000000,770116.000000,762923.000000,0.453861,0.460403,0.458140,0.680791,0.690605,0.687210
FIR.circular,4096,128,524288,OK,0.953674e-6,63.000000,4194407.000000,4205240.000000,4201835.000000,2796271.000000,2803493.000000,2801223.000000,0.124675,0.124997,0.124776,0.187012,0.187495,0.187164
FIR.circular_restrict,4096,128,524288,OK,0.953674e-6,63.000000,4194405.000000,4205462.000000,4201865.000000,2796270.000000,2803641.000000,2801243.000000,0.124668,0.124997,0.124775,0.187003,0.187495,0.187163
FIR.opt,4096,128,524288,OK,4.649162e-6,63.000000,223935.000000,237159.000000,224810.000000,149290.000000,158106.000000,149873.000000,2.210702,2.341251,2.332138,3.316054,3.511876,3.498215
FIR.cmsis,4096,128,524288,OK,0.953674e-6,63.000000,448214.000000,460436.000000,449612.000000,298809.000000,306957.000000,299741.000000,1.138677,1.169727,1.166090,1.708018,1.754592,1.749137
FIR.basic_cache_thrash,4096,128,524288,OK,4.768372e-6,63.000000,988566.000000,1005123.000000,992882.000000,659044.000000,670082.000000,661921.000000,0.521616,0.530352,0.528047,0.782424,0.795528,0.792070
FIR.opt_cache_thrash,4096,128,524288,OK,4.649162e-6,63.000000,227966.000000,258410.000000,229707.000000,151977.000000,172273.000000,153138.000000,2.028900,2.299852,2.282421,3.043356,3.449785,3.423631
